Data Source,Country Code,Indicator Name,Indicator Code,1960,1961,1962,1963,1964,1965,1966,1967,1968,1969,1970,1971,1972,1973,1974,1975,1976,1977,1978,1979,1980,1981,1982,1983,1984,1985,1986,1987,1988,1989,1990,1991,1992,1993,1994,1995,1996,1997,1998,1999,2000,2001,2002,2003,2004,2005,2006,2007,2008,2009,2010,2011,2012,2013,2014,2015,2016,2017,2018,2019,2020,2021,2022,2023
,ABW,Taxes on goods and services (% value added of industry and services),GC.TAX.GSRV.VA.ZS,,,,,,,,,,,,,,,,,,,,,,,,,,,,,,,,,,,,,,,,,,,,,,,,,,,,,,,,,,,,,,,,
Last Updated Date,AFE,Taxes on goods and services (% value added of industry and services),GC.TAX.GSRV.VA.ZS,,,,,,,,,,,,,,,,,,,,,,,,,,,,,,,,,,,,,,,,,,,,,,,,,,,,,,,,,,,,,,,,
,AFG,Taxes on goods and services (% value added of industry and services),GC.TAX.GSRV.VA.ZS,,,,,,,,,,,,,,,,,,,,,,,,,,,,,,,,,,,,,,,,,,,,,,,2.513717093,2.055274532,2.166571315,3.286365948,3.624760815,3.396125047,2.906692161,2.327920705,1.982393541,1.910896136,5.264397211,6.050970723,,,,,,
Country Name,AFW,Taxes on goods and services (% value added of industry and services),GC.TAX.GSRV.VA.ZS,,,,,,,,,,,,,,,,,,,,,,,,,,,,,,,,,,,,,,,,,,,,,,,,,,,,,,,,,,,,,,,,
Aruba,AGO,Taxes on goods and services (% value added of industry and services),GC.TAX.GSRV.VA.ZS,,,,,,,,,,,,,,,,,,,,,,,,,,,,,,,,,,,,,,,,2.028217107,1.729985042,9.55642501,2.026221125,2.430838455,2.241844464,1.664629571,1.718943958,1.923173611,2.185928654,2.880673095,2.232813543,1.702684437,1.406748184,1.595347673,1.717964091,1.397072354,1.414321907,1.369748143,1.168939488,1.291400864,,,,
Africa Eastern and Southern,ALB,Taxes on goods and services (% value added of industry and services),GC.TAX.GSRV.VA.ZS,,,,,,,,,,,,,,,,,,,,,,,,,,,,,,,,,,,,,8.347005872,9.453491671,15.49460619,,,,15.87878016,17.05611921,18.01331334,,,,,,,19.5797933,19.17989834,18.2118114,20.87485595,20.49272709,20.86040782,20.64661003,19.97394949,18.80358126,18.18007977,19.87280308,,
Afghanistan,AND,Taxes on goods and services (% value added of industry and services),GC.TAX.GSRV.VA.ZS,,,,,,,,,,,,,,,,,,,,,,,,,,,,,,,,,,,,,,,,,,,,,,,,,,,,,,,,,,,,,,,,
Africa Western and Central,ARB,Taxes on goods and services (% value added of industry and services),GC.TAX.GSRV.VA.ZS,,,,,,,,,,,,,,,,,,,,,,,,,,,,,,,,,,,,,,,,,,,,,,,,,,,,,,,,,,,,,,,,
Angola,ARE,Taxes on goods and services (% value added of industry and services),GC.TAX.GSRV.VA.ZS,,,,,,,,,,,,,,,,,,,,,,,,,,,,,,,,,,,,,,1.012629664,1.099859115,1.149262108,,,,,,,,,,,,0.314007116,0.356203213,0.354206404,0.338050746,0.046729326,0.032988526,0.062402465,0.057260852,0.976619827,0.687602995,0.539517505,0.582160799,
Albania,ARG,Taxes on goods and services (% value added of industry and services),GC.TAX.GSRV.VA.ZS,,,,,,,,,,,,,,,,,,,,,,,,,,,,,,,2.482826032,3.293483065,3.916633829,5.787188113,5.618804696,5.7777723,5.820801629,6.294511595,6.513807172,6.579257724,6.951568377,6.684809541,6.179031646,7.046453638,8.138608877,8.055127676,7.951892244,7.930907384,7.866676896,7.847951651,7.939838287,7.779957157,8.026235013,8.075216126,7.983690345,7.856356301,7.445194212,7.406526734,7.378540784,7.129928814,7.149093701,7.377070597,6.756229483,
Andorra,ARM,Taxes on goods and services (% value added of industry and services),GC.TAX.GSRV.VA.ZS,,,,,,,,,,,,,,,,,,,,,,,,,,,,,,,,,,,,,,,,,,,,,,,,,,,,,13.25924289,13.75303888,15.18083609,12.68458874,11.785931,11.47417047,11.7532992,14.65611152,14.5424224,15.61239971,15.87957944,
Arab World,ASM,Taxes on goods and services (% value added of industry and services),GC.TAX.GSRV.VA.ZS,,,,,,,,,,,,,,,,,,,,,,,,,,,,,,,,,,,,,,,,,,,,,,,,,,,,,,,,,,,,,,,,
United Arab Emirates,ATG,Taxes on goods and services (% value added of industry and services),GC.TAX.GSRV.VA.ZS,,,,,,,,,,,,,,,,,,,,,,,,,,,,,,,,,,,,,,,,,,,,,,,,,,,,,,,,,,,,,,,,
Argentina,AUS,Taxes on goods and services (% value added of industry and services),GC.TAX.GSRV.VA.ZS,,,,,,,,,,,,,,,,,,,,,,,,,,,,,,,5.925635789,5.777866805,5.184071926,4.957968388,5.316980281,5.593402653,5.744520353,5.594806574,5.483025733,5.447819751,5.21620186,7.489401714,7.554111606,7.783900085,7.634986338,7.352305195,7.139519901,6.811725134,6.674463585,6.104049403,6.262166492,5.991063751,5.6929485,6.173927717,6.285659425,5.760836264,5.962612634,5.830374788,5.876958258,5.630762653,5.422988475,5.751776933,5.229367861,
Armenia,AUT,Taxes on goods and services (% value added of industry and services),GC.TAX.GSRV.VA.ZS,,,,,,,,,,,,,,,,,9.92093941,9.708279218,9.933925309,9.953857577,9.899895526,10.16972123,9.820711588,9.963535759,10.85185294,10.54873698,10.36101026,10.40124819,10.3340115,10.19041644,9.940222256,9.733766201,9.98439962,9.788579556,10.30936866,13.41699088,13.99051904,14.30157571,14.24013461,14.40772039,14.16492846,14.27483376,14.47454126,14.23394616,14.21994895,13.93920622,13.44288984,13.31227846,13.30659533,13.66600664,13.67129184,13.77839076,14.00726017,13.88266186,13.77368798,13.74139109,13.68867932,13.67316178,13.41199327,13.40145364,12.98361399,13.30046717,13.18318112,
American Samoa,AZE,Taxes on goods and services (% value added of industry and services),GC.TAX.GSRV.VA.ZS,,,,,,,,,,,,,,,,,,,,,,,,,,,,,,,,,,,11.86863722,8.856329028,5.82379817,8.415881713,8.706017298,8.97411023,,,,,,,,,6.994324168,8.315988313,7.2376953,6.177114213,6.345955746,6.826254645,8.056057005,9.540809806,9.06999457,7.832635329,8.032260979,9.36173867,10.01830335,8.357143211,7.426282466,
Antigua and Barbuda,BDI,Taxes on goods and services (% value added of industry and services),GC.TAX.GSRV.VA.ZS,,,,,,,,,,,,,,,,,,,,,,,,,,,,,,,,16.63030555,16.45394007,16.14876033,16.20289159,17.25305722,15.53968467,13.02413777,13.12114071,13.40414499,,,,,,,,,,,14.84140323,16.43950721,14.81152178,16.12670909,16.29637778,11.37080127,12.55890218,13.97041252,,16.07296106,17.61068314,17.86602208,,
Australia,BEL,Taxes on goods and services (% value added of industry and services),GC.TAX.GSRV.VA.ZS,,,,,,,,,,,,,,,,,,,,,,,,,,,,,,,,,,,,11.89389949,12.4456852,12.626062,12.58811804,13.02676036,12.93690362,12.32547062,11.37803966,11.2880215,11.57610199,11.57596899,11.57421502,11.44715411,11.29885732,11.26012964,11.58111808,11.40442831,11.88576097,11.70970656,11.51138323,11.36205038,11.54113671,11.49486221,11.62315586,11.39926745,10.89642556,11.53482495,10.58925505,
Austria,BEN,Taxes on goods and services (% value added of industry and services),GC.TAX.GSRV.VA.ZS,,,,,,,,,,,,,2.530325506,2.796838448,2.389287509,2.249856065,2.946584478,3.214888833,2.942441413,2.298261846,,,,,,,,,,,,,,,,,,,,,,,,,,,,,,,,,,,,,,,,,,,,
Azerbaijan,BFA,Taxes on goods and services (% value added of industry and services),GC.TAX.GSRV.VA.ZS,,,,,,,,,,,,,,,,,,,,,,,,,,,,,,,,,,,,,,,,,,,7.705061008,7.928246903,8.918633618,8.859791984,8.399711107,8.418113366,8.815035291,9.246759412,9.33747397,9.345850606,10.84925109,12.00681005,10.97860018,11.04842401,11.51661534,11.83945265,12.39651922,11.79081189,9.286473176,11.13164823,12.27432093,
Burundi,BGD,Taxes on goods and services (% value added of industry and services),GC.TAX.GSRV.VA.ZS,,,,,,,,,,,,,,,,,,,,,,,,,,,,,,,,,,,,,,,,,,3.123042726,3.216794741,4.177445471,3.470302539,3.380749526,3.38661846,3.313332318,3.520948731,3.618055778,3.847114065,4.254622594,4.25856892,4.21013593,3.989890569,3.885638326,3.382120874,4.83544688,5.265813268,5.201538662,4.425810283,4.90515398,,
Belgium,BGR,Taxes on goods and services (% value added of industry and services),GC.TAX.GSRV.VA.ZS,,,,,,,,,,,,,,,,,,,,,,,,,,,,,,,9.871856928,8.241119652,6.524855226,7.82504977,14.71130339,7.945245247,8.650313339,10.64737833,14.03920165,15.1472881,16.14405548,15.55577393,14.24964109,16.64132967,18.80389839,19.0891915,19.60213613,19.45644025,20.89946655,16.57649525,15.99774817,16.19022647,16.80711232,18.12410318,17.57224296,17.97659934,18.15817113,18.07601538,17.15795176,17.90524718,17.42662045,17.24019108,15.94882255,
Benin,BHR,Taxes on goods and services (% value added of industry and services),GC.TAX.GSRV.VA.ZS,,,,,,,,,,,,,,,,,,,,,,,,,,,,,,,,,,,,,,,,,,,,,,,0.04337315,0.038802262,0.034789716,0.243176948,0.127747938,,,,,,,,0.382873037,2.179419691,2.210328432,,,
Burkina Faso,BHS,Taxes on goods and services (% value added of industry and services),GC.TAX.GSRV.VA.ZS,,,,,,,,,,,,,,,,,,,,,,,,,,,,,,,,,1.003852677,0.575712973,1.140656397,2.058140694,1.21351388,0.721190967,0.821815807,0.665692644,1.641287122,1.22952964,1.255194119,1.053338216,1.395817196,1.970737093,3.628214445,4.008104179,1.643000135,4.052365671,5.514520548,7.383945982,6.896459217,5.85864562,6.160155338,8.65901595,10.77990697,11.73187836,11.41261194,14.24517349,14.82641427,11.19805391,12.51135358,
Bangladesh,BIH,Taxes on goods and services (% value added of industry and services),GC.TAX.GSRV.VA.ZS,,,,,,,,,,,,,,,,,,,,,,,,,,,,,,,,,,,,,,,,,,,,,,10.69192626,26.24675292,25.78691852,22.91750798,20.80696619,22.17718817,22.48030623,22.54255721,21.61950988,21.60005578,22.14806997,21.84511571,21.50177749,21.63064521,21.27839082,19.78429865,20.32489606,19.72025212,19.2909045
Bulgaria,BLR,Taxes on goods and services (% value added of industry and services),GC.TAX.GSRV.VA.ZS,,,,,,,,,,,,,,,,,,,,,,,,,,,,,,,,,17.1641791,15.8410596,15.32150938,13.36751948,15.53849096,17.72981854,14.75331428,14.70329599,15.1684622,13.51239481,12.6581902,13.32239536,14.16222788,14.64217071,18.24474175,16.87251963,15.27734235,12.5595286,12.42297373,10.12285371,10.57952058,10.99047748,11.53101986,10.87545006,11.65220207,10.82901595,11.39401844,10.88208889,10.89744988,10.89913336,9.982921451,11.0078157
Bahrain,BLZ,Taxes on goods and services (% value added of industry and services),GC.TAX.GSRV.VA.ZS,,,,,,,,,,,,,,,,,,,,,,,,,,,,,,,2.448135755,2.168429003,1.869505495,2.419219118,2.960126005,3.278545626,7.916540212,7.219424196,6.741549053,5.169252112,5.593947383,5.745834886,5.706831549,5.816961473,6.367852949,7.743218498,8.579837913,8.610932711,8.443727036,7.935702014,9.014071867,7.902357827,9.328916026,9.626008184,10.39376547,10.53400006,14.12908423,15.34339136,,,,,,
"Bahamas, The",BMU,Taxes on goods and services (% value added of industry and services),GC.TAX.GSRV.VA.ZS,,,,,,,,,,,,,,,,,,,,,,,,,,,,,,,,,,,,,,,,,,,,,,,,,,,,,,,,,,,,,,,,
Bosnia and Herzegovina,BOL,Taxes on goods and services (% value added of industry and services),GC.TAX.GSRV.VA.ZS,,,,,,,,,,,,,,,,,,,,,,,,,,7.810285798,6.19263891,5.185370591,6.124569238,6.239698295,6.530299651,7.858955295,8.781582683,9.592320729,10.93407767,10.67589434,13.35856949,13.45019753,13.03679474,10.99174735,12.7185475,12.11696118,13.56616008,13.51960768,14.53815108,17.19784232,18.22077167,18.11777567,,,,,,,,,,,,,,,,
Belarus,BRA,Taxes on goods and services (% value added of industry and services),GC.TAX.GSRV.VA.ZS,,,,,,,,,,,,,,,,,,,,,,,,,,,,,,,,,,,,,,,,,,,,,,,,,,,8.301416373,8.314175285,8.144516527,7.772912409,7.179104723,7.247536892,6.875519345,7.094348479,7.350480929,6.792816383,6.015119399,6.815340816,5.932857536,5.693628794
Belize,BRB,Taxes on goods and services (% value added of industry and services),GC.TAX.GSRV.VA.ZS,,,,,,,,,,,,,,,,,,,,,,,,,,,,,,,,,,,,,,,,,,,,13.26459061,14.50241817,14.77581063,13.20370183,13.43780856,13.11144276,12.57873949,11.47248124,13.4036899,12.14143008,11.89976862,11.06994515,12.92169384,13.89781835,,,,,,,
Bermuda,BRN,Taxes on goods and services (% value added of industry and services),GC.TAX.GSRV.VA.ZS,,,,,,,,,,,,,,,,,,,,,,,,,,,,,,,,,,,,,,,,,,,,,,,,,,,,,,,,,,,,,,,,
Bolivia,BTN,Taxes on goods and services (% value added of industry and services),GC.TAX.GSRV.VA.ZS,,,,,,,,,,,,,,,,,,,,,,,6.703981059,7.124333128,9.070588927,7.573805175,7.34169842,,6.503989717,5.15171117,4.594200994,5.293516465,5.383234512,5.904209896,5.667020576,5.258930984,5.108467176,3.635494227,4.908901732,3.754051757,5.390990772,3.061184776,4.491390296,5.289679843,2.982806595,4.208800981,4.947759543,3.379018681,4.001112001,4.041353159,5.085375767,5.486752636,7.5356593,7.61522073,6.110171117,5.874517773,5.868311354,6.350778153,8.798014178,7.434725504,6.604995687,,,
Brazil,BWA,Taxes on goods and services (% value added of industry and services),GC.TAX.GSRV.VA.ZS,,,,,,,,,,,,,,,,,,,,,,,,,,,,,,,1.120210938,1.218657896,1.889980483,1.721724038,1.816753517,2.044258942,1.9041333,,,,,,,,,,4.422230602,5.023927212,6.785717202,6.310020355,6.201847108,5.306405248,5.592443235,4.573481055,4.552076209,4.930081156,4.473083235,5.219553697,4.834917861,5.110341883,5.18882193,5.96360029,4.332537817,
Barbados,CAF,Taxes on goods and services (% value added of industry and services),GC.TAX.GSRV.VA.ZS,,,,,,,,,,,,,,,,,,,,,,,,,,,,,,,,,,,,,,,,,,,,,,,,,,,,,,,,,,,,5.906651407,8.238654116,6.741810637,,
Brunei Darussalam,CAN,Taxes on goods and services (% value added of industry and services),GC.TAX.GSRV.VA.ZS,,,,,,,,,,,,,,,,,,,,,,,,,,,,,,,,,,,,,,3.924384086,3.851088123,3.722519079,3.57199399,3.541959341,3.71036891,3.700025007,3.60338298,3.490847136,3.267018091,3.057154874,2.603975503,2.82461357,2.809530359,2.669907972,2.611283607,2.579820001,2.582427338,2.695708278,2.728222452,2.763244487,2.736270855,2.737789972,2.765649097,,,
Bhutan,CEB,Taxes on goods and services (% value added of industry and services),GC.TAX.GSRV.VA.ZS,,,,,,,,,,,,,,,,,,,,,,,,,,,,,,,,,,,,,,,,,,,,,,,,,,,,,,,,,,,,,,,,
Botswana,CHE,Taxes on goods and services (% value added of industry and services),GC.TAX.GSRV.VA.ZS,,,,,,,,,,,,,,,,,,,,,,,,,,,,,,,4.91486566,4.768465825,4.622798888,4.754467879,4.672640434,5.353776893,5.27225366,5.448943286,5.822185819,6.233940442,6.540876339,6.320541626,6.088520302,6.11361496,6.184258496,6.077645944,5.969943813,5.80327834,5.761162243,5.710254874,5.795767651,5.796957653,5.695397388,5.663984598,5.592435369,5.59110882,5.465273609,5.601111026,5.351156806,5.278726922,5.380782335,5.31053888,5.15868864,
Central African Republic,CHI,Taxes on goods and services (% value added of industry and services),GC.TAX.GSRV.VA.ZS,,,,,,,,,,,,,,,,,,,,,,,,,,,,,,,,,,,,,,,,,,,,,,,,,,,,,,,,,,,,,,,,
Canada,CHL,Taxes on goods and services (% value added of industry and services),GC.TAX.GSRV.VA.ZS,,,,,,,,,,,,,,9.037694891,9.102076261,11.05472406,11.97011851,12.41502,12.23229999,11.41941727,11.86463316,12.71515371,12.76157491,11.50714369,12.94064865,11.70370453,12.57699458,11.77063577,10.02463496,9.223708351,9.493132567,10.5722507,11.21984467,11.3147777,10.8158836,10.34789081,11.36737867,11.33834804,11.52201459,11.33433907,11.73451359,11.54425879,11.68826145,11.4937448,11.13047775,11.01375965,9.702772223,10.30177864,11.077661,10.02616316,11.12862183,11.47971999,11.0166795,11.8421217,11.81905223,11.90375921,12.08961765,12.40072594,12.11519115,11.23257702,11.38202129,13.11857877,12.38830253,
Central Europe and the Baltics,CHN,Taxes on goods and services (% value added of industry and services),GC.TAX.GSRV.VA.ZS,,,,,,,,,,,,,,,,,,,,,,,,,,,,,,,,,,,,,,,,,,,,,,8.796824675,6.661636859,7.170346127,7.340206816,7.759310088,7.849639207,7.688434969,7.516272103,6.976184016,6.652986908,6.183482448,5.906747219,6.170464838,5.805970392,5.53617905,5.248782319,5.029096062,4.742995681,
Switzerland,CIV,Taxes on goods and services (% value added of industry and services),GC.TAX.GSRV.VA.ZS,,,,,,,,,,,,,,,,,,,,,,,,,,,,,,,9.376269727,,,,,3.960817057,,,,,,4.86225903,4.735663992,4.010543895,3.829446996,4.048335172,3.818397567,3.560567582,4.15425562,5.471231554,4.781810838,3.753344947,5.167113532,4.562371354,4.392346598,5.997914562,6.173953478,6.190474841,6.33131636,6.201358117,6.790491881,7.007436373,6.197102755,
Channel Islands,CMR,Taxes on goods and services (% value added of industry and services),GC.TAX.GSRV.VA.ZS,,,,,,,,,,,,,,,,,,,,,,,,,,,,,,,4.30804749,3.932945385,3.83769715,2.641769596,2.490708302,3.409992384,,,3.850385846,4.436655137,,,,,,,,,,,,,6.273566958,6.80184401,7.300444165,7.19682362,7.653168665,8.259802234,8.827020619,8.615052006,7.524260539,8.141295296,,
Chile,COD,Taxes on goods and services (% value added of industry and services),GC.TAX.GSRV.VA.ZS,,,,,,,,,,,,,,,,,,,,,,,,,,,,,,,,,,,1.59888555,2.341841432,1.320754786,1.808944623,2.028415805,1.555712084,0.281080068,1.175546169,1.738437525,2.177833451,2.435799252,2.517175412,2.914098641,3.022415526,3.931077432,3.778380828,3.864964235,,6.228167456,6.068014566,4.876233602,5.105057983,5.416159747,3.301010784,2.834054543,3.226917599,4.021058298,4.672235677,4.306343318,
China,COG,Taxes on goods and services (% value added of industry and services),GC.TAX.GSRV.VA.ZS,,,,,,,,,,,,,,,,,,,,,,,,,,,,,,,,,,,,,,,,,,7.385332988,6.85722974,5.377303996,3.753505632,2.884494824,2.417271494,2.86564327,2.565996095,4.284775628,3.31975911,4.156422004,3.51750492,3.857957118,4.480227229,5.347188219,6.442718642,4.248309696,2.906521623,3.126714361,3.975791687,3.310026886,,
Cote d'Ivoire,COL,Taxes on goods and services (% value added of industry and services),GC.TAX.GSRV.VA.ZS,,,,,,,,,,,,,,,,,,,,,,,,,,,,,,,,,,,,,,,5.881158158,,,,,6.627504946,,,,,7.689306583,6.930865075,7.157583445,7.401460423,7.277691958,7.494239011,7.98322718,8.12418795,7.726777804,7.55670431,7.68004575,8.761839691,8.140823947,8.756303373,9.510529058,
Cameroon,COM,Taxes on goods and services (% value added of industry and services),GC.TAX.GSRV.VA.ZS,,,,,,,,,,,,,,,,,,,,,,,,,,,,,,,,,,,,,,,,,,,,,,,,,,,,,,,,,,,,,,,,
"Congo, Dem. Rep.",CPV,Taxes on goods and services (% value added of industry and services),GC.TAX.GSRV.VA.ZS,,,,,,,,,,,,,,,,,,,,,,,,,,,,,,,,,,,,,,,,,,,,,,8.528762562,11.88373537,11.65785192,11.90075117,9.708871436,9.964767543,10.75618,9.159555786,9.534513184,9.127749662,10.01161009,9.51597888,10.3451239,11.48751487,10.65548212,11.15559241,,,
"Congo, Rep.",CRI,Taxes on goods and services (% value added of industry and services),GC.TAX.GSRV.VA.ZS,,,,,,,,,,,,,7.159286509,8.017960231,7.418327965,7.021842412,6.864001652,7.001132822,7.157659945,6.386194467,6.728684175,6.073952073,5.949349035,8.724256009,8.875760376,7.734510739,7.926180904,7.978846619,5.565066852,5.116755047,7.553878733,6.410802806,8.684683261,8.481252542,8.04411265,8.45945986,10.45505217,10.46168467,10.67737755,10.71367551,10.84476831,11.14678695,,,10.36369318,10.53370893,10.74377632,11.32272353,11.04392203,9.132710158,8.877726848,9.139524832,8.8984056,8.869547149,8.531178902,8.531289856,8.51768035,8.084677182,7.804521003,7.853791736,7.548619606,8.533403787,8.143030462,
Colombia,CSS,Taxes on goods and services (% value added of industry and services),GC.TAX.GSRV.VA.ZS,,,,,,,,,,,,,,,,,,,,,,,,,,,,,,,,,,,,,,,,,,,,,,,,,,,,,,,,,,,,,,,,
Comoros,CUB,Taxes on goods and services (% value added of industry and services),GC.TAX.GSRV.VA.ZS,,,,,,,,,,,,,,,,,,,,,,,,,,,,,,,,,,,,,,,,,,,,,,,,,,,,,,,,,,,,,,,,
Cabo Verde,CUW,Taxes on goods and services (% value added of industry and services),GC.TAX.GSRV.VA.ZS,,,,,,,,,,,,,,,,,,,,,,,,,,,,,,,,,,,,,,,,,,,,,,,,,,,,,,,,,,,,,,,,
Costa Rica,CYM,Taxes on goods and services (% value added of industry and services),GC.TAX.GSRV.VA.ZS,,,,,,,,,,,,,,,,,,,,,,,,,,,,,,,,,,,,,,,,,,,,,,,,,,,,,,,,,,,,,,,,
Caribbean small states,CYP,Taxes on goods and services (% value added of industry and services),GC.TAX.GSRV.VA.ZS,,,,,,,,,,,,,,,,,,,,,,,,,,,,,,,,,,,,16.14721201,15.91550702,15.07514896,16.4250873,15.97775875,18.86470417,19.85238218,20.27379004,23.94338882,26.11364633,26.97102095,27.10636776,28.41215654,28.36085197,14.45408084,14.32755794,13.71471637,14.29213807,14.10619318,15.76503275,15.38849163,15.49060988,15.28206983,15.52362542,14.78188527,13.24689756,13.51387591,13.84902905,
Cuba,CZE,Taxes on goods and services (% value added of industry and services),GC.TAX.GSRV.VA.ZS,,,,,,,,,,,,,,,,,,,,,,,,,,,,,,,,,,11.89908668,11.46432055,11.52656447,11.42812147,11.11656308,10.75776927,11.52261366,11.09835516,9.550560568,9.218814968,9.321514741,10.21178785,9.82918688,9.463830765,9.816634387,9.405790359,9.858828155,9.971452075,10.8783503,11.41950148,11.69573652,10.71697119,11.19106488,11.05986291,10.9412386,10.47409727,10.28339271,9.718853901,9.370992636,8.938153237,
Curacao,DEU,Taxes on goods and services (% value added of industry and services),GC.TAX.GSRV.VA.ZS,,,,,,,,,,,,,,,,,,,,,,,,,,,,,,,,7.608815805,7.618275058,7.700873019,8.097308237,7.390076596,6.875625263,6.750387022,6.784333587,7.251886721,7.274041426,7.227581787,7.229944033,7.400016021,6.978696882,7.122411026,7.03087406,7.405130771,7.4242382,7.90049123,7.693175768,7.861226568,7.753502664,7.639906061,7.497234833,7.377919573,7.003347347,7.008765538,6.882818358,6.84822655,6.100714641,6.683712787,6.577906502,
Cayman Islands,DJI,Taxes on goods and services (% value added of industry and services),GC.TAX.GSRV.VA.ZS,,,,,,,,,,,,,,,,,,,,,,,,,,,,,,,,,,,,,,,,,,,,,,,,,,,,,,,,,,,,,,,,
Cyprus,DMA,Taxes on goods and services (% value added of industry and services),GC.TAX.GSRV.VA.ZS,,,,,,,,,,,,,,,,,,,,,,,,,,,,,,,,,,,,,,,,,,,,,,,,,,,,,,,,,,,,,,,,
Czechia,DNK,Taxes on goods and services (% value added of industry and services),GC.TAX.GSRV.VA.ZS,,,,,,,,,,,,,17.3013938,17.31340314,15.80350226,15.5126589,16.36075083,17.985176,19.18370039,20.09426208,19.62913766,19.44753974,18.59902514,18.94125498,19.30566727,19.49322238,21.40910048,20.48201821,20.28712117,19.17976665,18.54034247,17.66711518,17.62143748,17.653279,18.3652063,17.72245828,18.31050222,18.40079418,19.39227081,19.31573546,18.21910541,18.20189641,18.36083861,18.06049717,18.32288977,18.70588483,18.62428566,19.04216001,17.47481977,17.26415314,17.13120338,17.21057804,17.36805998,16.95118605,16.65285773,16.60298857,16.63261405,16.4133759,16.56896153,16.00361246,16.28679087,15.30092624,14.07394637,
Germany,DOM,Taxes on goods and services (% value added of industry and services),GC.TAX.GSRV.VA.ZS,,,,,,,,,,,,,4.967976721,4.508698978,4.521958682,4.698490356,4.898269805,5.011871521,4.735875241,4.65527324,4.423637848,4.842574928,4.557282015,4.804165343,5.70448677,4.902713126,6.582228355,4.444612392,4.074562627,3.754735656,3.57498815,2.313261698,4.179742233,4.508481649,5.038615289,5.098479774,4.831936756,5.475381903,5.545746003,4.708651873,4.258857396,6.277375614,6.166857119,6.450055954,6.731347877,8.458127844,9.68305068,11.02492481,10.44767608,9.404355381,9.451139608,9.345802352,9.173625612,9.487126961,9.019912502,8.609756657,8.573226839,8.53853767,9.068921885,9.189026263,8.31517463,9.551750412,9.399470978,
Djibouti,DZA,Taxes on goods and services (% value added of industry and services),GC.TAX.GSRV.VA.ZS,,,,,,,,,,,,,,,,,,,,,,,,,,,,,,,,,,,,,,,,,,,,,,,,,,,,,,,,,,,,,,,,
Dominica,EAP,Taxes on goods and services (% value added of industry and services),GC.TAX.GSRV.VA.ZS,,,,,,,,,,,,,,,,,,,,,,,,,,,,,,,,,,,,,,,,,,,,,,,,,,,,,,,,,,,,,,,,
Denmark,EAR,Taxes on goods and services (% value added of industry and services),GC.TAX.GSRV.VA.ZS,,,,,,,,,,,,,,,,,,,,,,,,,,,,,,,,,,,,,,,,,,,,,,,,,,,,,,,,,,,,,,,,
Dominican Republic,EAS,Taxes on goods and services (% value added of industry and services),GC.TAX.GSRV.VA.ZS,,,,,,,,,,,,,,,,,,,,,,,,,,,,,,,,,,,,,,,,,,,,,,,,,,,,,,,,,,,,,,,,
Algeria,ECA,Taxes on goods and services (% value added of industry and services),GC.TAX.GSRV.VA.ZS,,,,,,,,,,,,,,,,,,,,,,,,,,,,,,,,,,,,,,,,,,,,,,,,,,,,,,,,,,,,,,,,
East Asia & Pacific (excluding high income),ECS,Taxes on goods and services (% value added of industry and services),GC.TAX.GSRV.VA.ZS,,,,,,,,,,,,,,,,,,,,,,,,,,,,,,,,,,,,,,,,,,,,,,,,,,,,,,,,,,,,,,,,
Early-demographic dividend,ECU,Taxes on goods and services (% value added of industry and services),GC.TAX.GSRV.VA.ZS,,,,,,,,,,,,,,,,,,,,,,,,,,,,,,,,,,,,,,,,,,,,,,,,,,,,,,8.370061359,8.357976118,9.274351816,8.101123423,8.33587144,8.312026171,8.174238663,7.566552973,7.682568241,7.383217607,
East Asia & Pacific,EGY,Taxes on goods and services (% value added of industry and services),GC.TAX.GSRV.VA.ZS,,,,,,,,,,,,,,,,6.957586552,6.447963801,6.657590959,6.882302227,7.297356805,,5.990378582,4.961941281,6.699105475,6.125297643,5.465171919,5.0379102,4.945951269,4.602853867,4.472990057,4.216802174,3.991155239,6.014061457,6.187311575,6.236205127,6.126069451,6.151215741,5.782223392,,,,,7.182097728,7.173557684,6.932589007,7.36121115,7.014026852,6.535797921,6.774647736,7.360435504,7.428053192,7.44724877,6.243205944,6.228878418,5.433477605,6.40464807,,,,,,,,
Europe & Central Asia (excluding high income),EMU,Taxes on goods and services (% value added of industry and services),GC.TAX.GSRV.VA.ZS,,,,,,,,,,,,,,,,,,,,,,,,,,,,,,,,,,,,,,,,,,,,,,,,,,,,,,,,,,,,,,,,
Europe & Central Asia,ERI,Taxes on goods and services (% value added of industry and services),GC.TAX.GSRV.VA.ZS,,,,,,,,,,,,,,,,,,,,,,,,,,,,,,,,,,,,,,,,,,,,,,,,,,,,,,,,,,,,,,,,
Ecuador,ESP,Taxes on goods and services (% value added of industry and services),GC.TAX.GSRV.VA.ZS,,,,,,,,,,,,,,,,,,,,,,,,,,,,,,,,,,,,,,,,,,,,,,,,,,,,,7.803623584,8.640134727,8.992555195,9.301379169,9.136290654,9.165231479,9.217837232,9.063366285,8.932696627,9.516098392,9.20855601,
"Egypt, Arab Rep.",EST,Taxes on goods and services (% value added of industry and services),GC.TAX.GSRV.VA.ZS,,,,,,,,,,,,,,,,,,,,,,,,,,,,,,,,,,,,14.4595089,15.19118515,15.45518272,14.15539515,13.05746295,13.96961855,14.00987233,14.18271503,13.70829555,14.53323702,14.30303656,15.3088364,15.40490537,13.55716768,16.79212079,15.77181777,15.4136918,15.77171562,15.19070609,15.66993798,16.22498688,16.66076044,16.00057659,15.6175167,16.06499966,14.99438189,15.29319827,14.99413924,
Euro area,ETH,Taxes on goods and services (% value added of industry and services),GC.TAX.GSRV.VA.ZS,,,,,,,,,,,,,,,,,,,,,,,,,,,,,,,6.680402539,7.141293572,5.371135662,5.198144951,4.588493657,4.226102162,4.528058209,6.735983672,6.639418893,5.617011457,,3.11711069,3.432936455,3.393778697,3.528795703,3.325360733,3.495999749,3.023995635,3.847904261,3.175160763,2.826088684,4.578170603,5.285399152,4.386096736,7.720951322,6.920335153,6.229351501,5.676581677,4.860792382,4.859680217,4.514449755,3.52106984,3.001967353,2.663554935
Eritrea,EUU,Taxes on goods and services (% value added of industry and services),GC.TAX.GSRV.VA.ZS,,,,,,,,,,,,,,,,,,,,,,,,,,,,,,,,,,,,,,,,,,,,,,,,,,,,,,,,,,,,,,,,
Spain,FCS,Taxes on goods and services (% value added of industry and services),GC.TAX.GSRV.VA.ZS,,,,,,,,,,,,,,,,,,,,,,,,,,,,,,,,,,,,,,,,,,,,,,,,,,,,,,,,,,,,,,,,
Estonia,FIN,Taxes on goods and services (% value added of industry and services),GC.TAX.GSRV.VA.ZS,,,,,,,,,,,,,,,,14.0509869,14.59333543,15.90852158,16.52023573,16.51759061,16.40820114,16.66521371,16.85753447,16.94022953,16.81724106,17.02793383,17.03943629,17.04258354,17.96937185,18.75470954,17.91737207,17.78882229,17.29487295,16.94560729,16.52348778,16.00572066,16.14290556,17.20315937,16.76791623,16.68399899,16.04059153,15.25196895,15.68967703,16.25408433,15.90825064,15.93244285,15.82689356,15.11122523,14.75300641,15.43127815,15.47377554,16.66266924,17.06391332,17.59356377,17.5257374,17.19102075,17.66794599,17.17828001,17.46592215,17.24232415,17.12003855,16.98374743,16.57569715,
Ethiopia,FJI,Taxes on goods and services (% value added of industry and services),GC.TAX.GSRV.VA.ZS,,,,,,,,,,,,,,,,,,,,,,,,,,,,,,,5.594933588,5.724266282,8.85550744,11.73049143,12.07764747,11.7337854,11.55767925,,,,,,,,14.60953648,13.74270972,14.91915321,8.816624145,13.41318947,11.57909348,13.35657629,15.00220993,14.8316283,17.01784543,16.46593109,17.05738486,15.76052282,16.89222955,17.68656753,16.98155288,13.20551992,11.05277856,,
European Union,FRA,Taxes on goods and services (% value added of industry and services),GC.TAX.GSRV.VA.ZS,,,,,,,,,,,,,15.59730391,14.67640406,14.27983399,13.77015919,14.29262728,13.14415494,13.51374208,14.22686796,14.09019069,13.83355844,14.1857189,13.94157502,13.71443391,14.00266683,13.63163021,13.78869413,13.49065377,13.08846238,12.81959023,12.27223575,12.03334116,11.93982011,12.53715626,12.92331119,13.42985422,13.37834392,13.26364313,13.2887121,12.67042084,12.32112334,12.30595739,12.15649993,11.92918657,11.76732754,11.64977303,11.22203163,10.8002716,10.62320941,10.74122442,10.80306624,10.92546777,11.03234371,11.1434594,11.25420098,11.32507723,11.64075239,11.70928468,11.67485511,11.4567331,10.38012608,10.13732004,
Fragile and conflict affected situations,FRO,Taxes on goods and services (% value added of industry and services),GC.TAX.GSRV.VA.ZS,,,,,,,,,,,,,,,,,,,,,,,,,,,,,,,,,,,,,,,,,,,,,,,,,,,,,,,,,,,,,,,,
Finland,FSM,Taxes on goods and services (% value added of industry and services),GC.TAX.GSRV.VA.ZS,,,,,,,,,,,,,,,,,,,,,,,,,,,,,,,,,,,,,,,,,,,,,,,,,1.972484393,2.089897574,2.131881615,2.231532191,2.324468462,2.278679334,1.990484706,2.009227462,2.017024646,1.992843208,2.030676647,1.940072591,1.74968796,,,
Fiji,GAB,Taxes on goods and services (% value added of industry and services),GC.TAX.GSRV.VA.ZS,,,,,,,,,,,,,,,,,,,,,,,,,,,,,,,,,,,,,,,,,,,,,,,,,,,,,2.576102318,3.890175457,3.894280183,2.450031527,3.177616635,2.980673649,1.940016942,2.337733981,2.134982715,2.30414896,,
France,GBR,Taxes on goods and services (% value added of industry and services),GC.TAX.GSRV.VA.ZS,,,,,,,,,,,,,,,,,,,,,,,,,,,,,,,9.719818093,10.34554703,10.6220308,10.3545716,10.85466166,11.68117186,11.70959241,11.99414748,12.28635634,12.78412124,12.69965692,12.34191763,12.42917043,12.43309956,12.50336928,12.02897104,12.07460043,12.16892151,11.53991264,10.98014729,12.20152463,13.14413813,13.06461359,13.19096639,13.29528556,13.30540846,13.37728241,13.33718645,13.29284061,13.21330502,12.50085633,12.90071564,13.21081765,12.56658822
Faroe Islands,GEO,Taxes on goods and services (% value added of industry and services),GC.TAX.GSRV.VA.ZS,,,,,,,,,,,,,,,,,,,,,,,,,,,,,,,,,,,,,6.266056519,9.310096311,7.643166781,9.686952166,9.080372665,9.736128111,10.03607916,9.069260388,11.93517227,14.87945366,15.82687704,18.18312556,17.02941235,17.4302761,15.73125097,16.50946799,16.5133575,15.35495485,16.32903216,15.80178859,14.92733488,16.93859393,16.38624054,16.93450461,15.64971261,16.60252925,16.12470879,
"Micronesia, Fed. Sts.",GHA,Taxes on goods and services (% value added of industry and services),GC.TAX.GSRV.VA.ZS,,,,,,,,,,,,,,,,,,,,,,,,,,,,,,,6.830446004,10.44265203,8.383802221,10.99551039,,,,,,,,6.807858596,8.108376401,15.30800967,20.42117953,20.03749801,9.646060419,10.03282202,9.418288484,8.209249335,7.995095865,8.511110485,7.484707273,5.19907982,5.685977955,7.550762818,7.778268531,6.914927948,6.506741218,6.308983372,6.047409606,7.266144341,6.882343981,
Gabon,GIB,Taxes on goods and services (% value added of industry and services),GC.TAX.GSRV.VA.ZS,,,,,,,,,,,,,,,,,,,,,,,,,,,,,,,,,,,,,,,,,,,,,,,,,,,,,,,,,,,,,,,,
United Kingdom,GIN,Taxes on goods and services (% value added of industry and services),GC.TAX.GSRV.VA.ZS,,,,,,,,,,,,,,,,,,,,,,,,,,,,,,,3.231466007,4.208985637,4.077666317,,,,,,,,,,,,,,,,,,,,,,,,,,,,,,,
Georgia,GMB,Taxes on goods and services (% value added of industry and services),GC.TAX.GSRV.VA.ZS,,,,,,,,,,,,,,,,,,,,,,,,,,,,,,,9.601354898,,,,,,,,,,,,,,,,,,,,,,,,,,,,,,,,,
Ghana,GNB,Taxes on goods and services (% value added of industry and services),GC.TAX.GSRV.VA.ZS,,,,,,,,,,,,,,,,,,,,,,,,,,,,,,,,,,,,,,,,,,,,,,,,,,,,,,,,,,6.956816486,,5.115321551,,,,
Gibraltar,GNQ,Taxes on goods and services (% value added of industry and services),GC.TAX.GSRV.VA.ZS,,,,,,,,,,,,,,,,,,,,,,,,,,,,,,,,,,,,,,,,,,,,,,,0.554681731,0.489137312,0.342856573,0.626326495,0.567964171,0.538252835,0.835002094,0.524405824,0.592366287,1.273207897,1.224115655,1.086418943,1.316804846,1.495973009,1.540991224,0.945649856,1.075664255,
Guinea,GRC,Taxes on goods and services (% value added of industry and services),GC.TAX.GSRV.VA.ZS,,,,,,,,,,,,,,,,,,,,,,,,,,,,,,,,,,,,14.23890928,14.65721831,14.97035271,14.52004877,15.47394277,15.57529263,15.16010349,15.3517452,14.32439509,13.49959734,13.79872666,14.11615265,14.52252135,14.39806668,13.50610051,14.80650365,16.04487937,17.09927887,17.2427803,17.4561209,17.68447135,19.03646745,18.9574353,19.19052072,19.09359127,17.94581788,18.5926252,20.9017515,
"Gambia, The",GRD,Taxes on goods and services (% value added of industry and services),GC.TAX.GSRV.VA.ZS,,,,,,,,,,,,,,,,,,,,,,,,,,,,,,,,,,,,,,,,,,,,,,,,,,,,,,,,,,,,,,,,
Guinea-Bissau,GRL,Taxes on goods and services (% value added of industry and services),GC.TAX.GSRV.VA.ZS,,,,,,,,,,,,,,,,,,,,,,,,,,,,,,,,,,,,,,,,,,,,,,,,,,,,,,,,,,,,,,,,
Equatorial Guinea,GTM,Taxes on goods and services (% value added of industry and services),GC.TAX.GSRV.VA.ZS,,,,,,,,,,,,,,,,,,,,,,,,,,,,,,,4.489385441,4.169333796,5.255164415,5.20594735,4.928992989,5.12153945,6.108800673,6.520813079,7.700361384,8.535058608,8.112948313,8.147398018,8.771860389,8.614980968,8.720255981,7.468615937,8.531862547,8.973690208,8.218053448,7.31151251,7.460955868,7.600284526,7.606218267,7.893682099,7.423613796,7.274351962,7.075009865,7.257593933,7.322112665,7.324999163,6.942491371,7.931941224,8.208937688,
Greece,GUM,Taxes on goods and services (% value added of industry and services),GC.TAX.GSRV.VA.ZS,,,,,,,,,,,,,,,,,,,,,,,,,,,,,,,,,,,,,,,,,,,,,,,,,,,,,,,,,,,,,,,,
Grenada,GUY,Taxes on goods and services (% value added of industry and services),GC.TAX.GSRV.VA.ZS,,,,,,,,,,,,,,,,,,,,,,,,,,,,,,,,,,,,,,,,,,,,,,,,,,,,,,,,,,,,,,,,
Greenland,HIC,Taxes on goods and services (% value added of industry and services),GC.TAX.GSRV.VA.ZS,,,,,,,,,,,,,,,,,,,,,,,,,,,,,,,,,,,,,,,,,,,,,,,,,,,,,,,,,,,,,,,,
Guatemala,HKG,Taxes on goods and services (% value added of industry and services),GC.TAX.GSRV.VA.ZS,,,,,,,,,,,,,,,,,,,,,,,,,,,,,,,,,,,,,,,,,,,,,,,,,,,,,,,,,,,,,,,,
Guam,HND,Taxes on goods and services (% value added of industry and services),GC.TAX.GSRV.VA.ZS,,,,,,,,,,,,,7.024874923,6.905593802,6.136363636,5.811269123,6.103368531,6.366764995,3.623767103,3.619474533,3.529293813,3.601236699,,,,,,,,,,,,,,,,,,,,,,11.26388939,11.44600405,11.20128448,11.3973221,11.84851947,11.53660012,10.12333042,10.34138067,10.63249355,10.72122217,10.59778539,12.50404699,13.10915099,,,,,11.7477947,,,
Guyana,HPC,Taxes on goods and services (% value added of industry and services),GC.TAX.GSRV.VA.ZS,,,,,,,,,,,,,,,,,,,,,,,,,,,,,,,,,,,,,,,,,,,,,,,,,,,,,,,,,,,,,,,,
High income,HRV,Taxes on goods and services (% value added of industry and services),GC.TAX.GSRV.VA.ZS,,,,,,,,,,,,,,,,,,,,,,,,,,,,,,,,,,,,20.62809186,19.74333753,18.72550036,21.71642449,20.93923978,22.02514701,21.8680201,22.94804746,22.19317094,21.48368612,21.15776876,21.40238449,20.7718924,20.75287924,19.48287118,20.16776537,19.48035683,20.89065056,21.89112854,22.13053648,23.01983939,23.2611164,23.55030821,24.15467808,24.327227,22.79362747,23.48663411,22.55642748,
"Hong Kong SAR, China",HTI,Taxes on goods and services (% value added of industry and services),GC.TAX.GSRV.VA.ZS,,,,,,,,,,,,,,,,,,,,,,,,,,,,,,,,,,,,,,,,,,,,,,,,,,,,,,,,,,,,,,,,
Honduras,HUN,Taxes on goods and services (% value added of industry and services),GC.TAX.GSRV.VA.ZS,,,,,,,,,,,,,,,,,,,,,,,,,,,,,,,,,,,,15.67650218,15.32343512,14.99693126,15.73508962,16.2615213,16.95589876,15.45982728,14.79912544,15.65120667,16.77912587,15.93674772,15.14878116,16.04149183,15.78322961,16.67757789,17.89197211,17.99874539,19.70230397,19.50207131,19.4687308,19.60531636,18.68150114,18.36883569,18.56854732,18.25013382,18.69781384,18.25247508,19.32908074,
Heavily indebted poor countries (HIPC),IBD,Taxes on goods and services (% value added of industry and services),GC.TAX.GSRV.VA.ZS,,,,,,,,,,,,,,,,,,,,,,,,,,,,,,,,,,,,,,,,,,,,,,,,,,,,,,,,,,,,,,,,
Croatia,IBT,Taxes on goods and services (% value added of industry and services),GC.TAX.GSRV.VA.ZS,,,,,,,,,,,,,,,,,,,,,,,,,,,,,,,,,,,,,,,,,,,,,,,,,,,,,,,,,,,,,,,,
Haiti,IDA,Taxes on goods and services (% value added of industry and services),GC.TAX.GSRV.VA.ZS,,,,,,,,,,,,,,,,,,,,,,,,,,,,,,,,,,,,,,,,,,,,,,,,,,,,,,,,,,,,,,,,
Hungary,IDB,Taxes on goods and services (% value added of industry and services),GC.TAX.GSRV.VA.ZS,,,,,,,,,,,,,,,,,,,,,,,,,,,,,,,,,,,,,,,,,,,,,,,,,,,,,,,,,,,,,,,,
IBRD only,IDN,Taxes on goods and services (% value added of industry and services),GC.TAX.GSRV.VA.ZS,,,,,,,,,,,,,,,,,,,,,,,,2.678003269,2.520678271,4.391554843,6.382075287,4.696926016,5.467096887,5.713133669,6.112799263,6.101373091,6.261014748,5.480546074,7.476238918,7.217660127,6.161208139,6.09839523,5.020426577,6.329124233,,5.614612955,5.943756694,6.575376675,6.872786395,,,,6.296549445,5.395886373,5.321585364,5.361552599,5.944565047,6.139034162,5.930993988,5.921409621,5.412720703,5.630073742,5.654224565,5.350208817,4.913130666,5.328434758,6.766849462,
IDA & IBRD total,IDX,Taxes on goods and services (% value added of industry and services),GC.TAX.GSRV.VA.ZS,,,,,,,,,,,,,,,,,,,,,,,,,,,,,,,,,,,,,,,,,,,,,,,,,,,,,,,,,,,,,,,,
IDA total,IMN,Taxes on goods and services (% value added of industry and services),GC.TAX.GSRV.VA.ZS,,,,,,,,,,,,,,,,,,,,,,,,,,,,,,,,,,,,,,,,,,,,,,,,,,,,,,,,,,,,,,,,
IDA blend,IND,Taxes on goods and services (% value added of industry and services),GC.TAX.GSRV.VA.ZS,,,,,,,,,,,,,,,7.48004744,8.03808012,7.974997248,7.579990481,8.225327683,8.196551937,7.784715146,7.471436077,7.153184863,7.752875113,7.419617528,7.574710779,7.456846188,7.413144861,7.273728149,7.373872242,6.971280089,6.994429796,6.645020814,5.646053949,5.758667927,5.230910336,5.136454864,4.907462392,4.729662634,4.800972727,4.847925677,4.767501026,4.895060947,4.992375951,4.928565782,5.164005532,5.08324318,4.818135355,4.368418959,3.536761451,3.782020605,3.809841796,4.338376437,4.588124447,3.915371608,4.93524392,5.69421069,6.418872762,7.209122284,,,,3.960435285,
Indonesia,INX,Taxes on goods and services (% value added of industry and services),GC.TAX.GSRV.VA.ZS,,,,,,,,,,,,,,,,,,,,,,,,,,,,,,,,,,,,,,,,,,,,,,,,,,,,,,,,,,,,,,,,
IDA only,IRL,Taxes on goods and services (% value added of industry and services),GC.TAX.GSRV.VA.ZS,,,,,,,,,,,,,,,,,,,,,,,,,,,,,,,,,,,,14.84418345,15.09450785,14.44146597,13.90433967,13.75476663,14.49604889,13.10136415,13.06641523,13.20424461,13.89167629,14.50308051,15.02843004,14.31688085,12.95004904,11.4370662,11.25418525,10.64179026,10.65094821,10.82448788,10.90909857,8.422561789,8.717886854,8.22566792,7.734760363,7.558382813,6.339558654,6.544490473,5.998136407,
Isle of Man,IRN,Taxes on goods and services (% value added of industry and services),GC.TAX.GSRV.VA.ZS,,,,,,,,,,,,,1.900579563,1.511930914,1.115385457,1.333487561,1.124470673,1.182194834,1.344873602,0.834914998,0.944617638,1.049900446,1.319485022,1.254648474,1.423203865,1.944629783,1.902721412,1.697246351,1.388235007,1.087762932,1.096803725,1.154311427,1.12032759,0.629368999,0.885435165,1.535674641,1.501643059,2.238377817,2.352749598,4.168485541,1.769203593,1.325578455,1.098519,1.11820114,0.861546108,0.957904844,0.820796924,0.783009629,0.631372153,0.943203745,,,,,,,,,,,,,,
India,IRQ,Taxes on goods and services (% value added of industry and services),GC.TAX.GSRV.VA.ZS,,,,,,,,,,,,,,,,,,,,,,,,,,,,,,,,,,,,,,,,,,,,,,,,,,,,,,,0.104051732,0.175188994,0.418080426,0.135597728,0.117950647,0.139014727,,,,
Not classified,ISL,Taxes on goods and services (% value added of industry and services),GC.TAX.GSRV.VA.ZS,,,,,,,,,,,,,,,,,,,,,,,,,,,,,,,,,,,,20.01763146,20.59080622,18.72308603,20.08857733,21.25849265,19.58399746,16.50600055,16.68919803,17.6189031,18.69628458,20.33014261,19.57256207,18.0368328,14.43369855,12.74751522,13.15945868,13.37006885,13.95536472,13.48518826,13.39454436,13.2898761,13.47120768,14.38815514,13.92872304,13.05014087,13.0854672,13.21575716,12.91247866,13.1396584
Ireland,ISR,Taxes on goods and services (% value added of industry and services),GC.TAX.GSRV.VA.ZS,,,,,,,,,,,,,,,,,,,,,,,,,,,,,,,,,,,,13.08773572,13.05922865,12.84955618,12.31285449,12.33573807,12.42130704,12.22323782,12.88485863,12.83001788,12.83681044,12.90877158,12.6120175,12.82560361,12.71706958,12.50530385,13.17443127,13.07077317,12.55396606,13.01408842,13.43173577,13.2490571,13.15457823,12.49467048,12.39799936,12.0211234,11.68886755,12.52827842,12.29675441,
"Iran, Islamic Rep.",ITA,Taxes on goods and services (% value added of industry and services),GC.TAX.GSRV.VA.ZS,,,,,,,,,,,,,,,,,,,,,,,,,,,,,,,12.19985316,13.2108603,13.04864556,12.21339359,12.28851651,10.42071267,9.868562176,10.33342372,10.86160306,11.15641004,10.49422622,9.935326026,9.908524911,9.483446746,9.599305389,9.643774167,9.977983834,9.798633433,9.346284592,9.375284716,10.05313188,10.24839156,10.78051477,10.80567606,11.13108779,11.05214364,11.21858817,11.21474691,11.17810489,11.23814939,10.54521482,11.17035018,10.77231714,
Iraq,JAM,Taxes on goods and services (% value added of industry and services),GC.TAX.GSRV.VA.ZS,,,,,,,,,,,,,,,,,,,,,,,,,,,,,,,,,,10.4137861,10.04695622,11.13957078,9.758409604,9.558627855,10.35881256,11.05458234,10.92912538,10.72305784,10.94125962,12.01847085,12.07149322,11.61129266,12.2915599,12.10749918,11.76335831,12.08261055,13.73196921,13.30174538,14.15797368,14.77655596,15.01908477,16.0167206,17.20534338,18.41458975,18.63183752,18.78449218,16.72478491,,,
Iceland,JOR,Taxes on goods and services (% value added of industry and services),GC.TAX.GSRV.VA.ZS,,,,,,,,,,,,,,,,,,,,,,,,,,,,,,,7.173048665,7.258495146,8.680736079,8.643390275,9.296034946,10.6359045,11.66486114,10.58944295,10.34956971,10.45511801,11.39827378,11.49361811,10.57675033,11.90069846,14.13591116,16.66127024,16.98532287,17.01450751,12.66475957,11.14218818,12.61910815,11.732544,12.29670171,12.56737035,13.14428163,11.88519125,11.92777128,11.9374065,12.23099774,12.24775595,13.34773015,,14.17245908,
Israel,JPN,Taxes on goods and services (% value added of industry and services),GC.TAX.GSRV.VA.ZS,,,,,,,,,,,,,,,,,,,,,,,,,,,,,,,,,,,,,,,,,,,,,,,,,,,,,,,,,,,,,,,,
Italy,KAZ,Taxes on goods and services (% value added of industry and services),GC.TAX.GSRV.VA.ZS,,,,,,,,,,,,,,,,,,,,,,,,,,,,,,,,,,,,,,4.811826914,5.759723531,6.310172537,6.295774995,7.05168289,6.397723294,7.137236248,7.328989658,,,,,,3.597165189,3.768234961,3.561383858,4.448566388,3.654797492,2.827847084,3.955237994,3.635166997,3.983658376,4.645407105,4.264087836,3.927167429,4.885775203,5.695866293
Jamaica,KEN,Taxes on goods and services (% value added of industry and services),GC.TAX.GSRV.VA.ZS,,,,,,,,,,,,,,,,,,,,,,,,,,,,,,,,,,,,,,,,,,,,,,,,,,,,,,,7.8466775,7.743067738,,8.484446428,8.082280705,9.468339179,8.810146983,8.738443592,9.020669896,8.669010809
Jordan,KGZ,Taxes on goods and services (% value added of industry and services),GC.TAX.GSRV.VA.ZS,,,,,,,,,,,,,,,,,,,,,,,,,,,,,,,,,,,,,,,,,,,,,,,,,,,,,,,14.2820342,14.15066389,14.06004582,13.82683701,14.82945182,12.5184053,10.3336524,13.65349778,16.38600972,20.10840137
Japan,KHM,Taxes on goods and services (% value added of industry and services),GC.TAX.GSRV.VA.ZS,,,,,,,,,,,,,,,,,,,,,,,,,,,,,,,,,,,,,,,,,,,6.19788,5.276069429,5.937758984,5.99026962,5.858923169,6.832367596,7.986835837,6.850585554,7.219486301,7.230881652,7.639843326,7.544583502,8.51566595,8.611522357,8.800990671,9.341894812,10.19154302,11.80427138,10.04184552,8.648217233,,
Kazakhstan,KIR,Taxes on goods and services (% value added of industry and services),GC.TAX.GSRV.VA.ZS,,,,,,,,,,,,,,,,,,,,,,,,,,,,,,,,,,,,,,,,,,,,,,,,,,,,0.053188628,0.323184177,0.860812197,8.919399285,16.13566941,18.53381624,14.25550803,14.88368123,17.95377799,16.84938017,16.34781589,15.58531533,
Kenya,KNA,Taxes on goods and services (% value added of industry and services),GC.TAX.GSRV.VA.ZS,,,,,,,,,,,,,,,,,,,,,,,,,,,,,,,1.255973775,1.908973857,2.392532968,2.924087407,2.76902045,,,,,,2.906240918,3.284524045,4.648334611,5.234198794,5.638531104,5.242897254,6.589758589,11.39446667,4.486396886,3.647119335,4.465069205,10.73837626,10.57111049,10.53296829,10.74879445,9.692911135,8.740578551,8.07635013,,,7.130620882,,,
Kyrgyz Republic,KOR,Taxes on goods and services (% value added of industry and services),GC.TAX.GSRV.VA.ZS,,,,,,,,,,,,,8.547462306,8.175314486,9.069261634,10.80578217,10.7530217,10.3811796,10.0541279,10.2780952,10.40228205,10.34704179,10.19852353,10.09831656,9.245118672,8.62368086,8.197650259,7.429515503,7.291613172,6.337606422,6.686043186,5.912348516,6.404344707,6.457736755,6.491322269,6.270184759,6.599023978,6.619814858,5.828871479,6.848132854,7.241121162,7.475570642,7.385002919,7.209711307,6.65521325,6.617102939,6.484219473,6.561951619,6.431881982,6.255153712,6.359396938,6.124828533,6.736480487,6.317514009,6.186882398,5.938955532,6.36629749,6.405305747,6.53617909,6.243296387,6.172303142,6.339318536,6.096827005,
Cambodia,KWT,Taxes on goods and services (% value added of industry and services),GC.TAX.GSRV.VA.ZS,,,,,,,,,,,,,,,,,,,,,,,,,,,,,,,,,,,,,,,,,,,,,,,,,,,,,,,,,,,,,,,,
Kiribati,LAC,Taxes on goods and services (% value added of industry and services),GC.TAX.GSRV.VA.ZS,,,,,,,,,,,,,,,,,,,,,,,,,,,,,,,,,,,,,,,,,,,,,,,,,,,,,,,,,,,,,,,,
St. Kitts and Nevis,LAO,Taxes on goods and services (% value added of industry and services),GC.TAX.GSRV.VA.ZS,,,,,,,,,,,,,,,,,,,,,,,,,,,,,,,,,,,,,,,,,,,,,,,,,9.787788232,10.62814365,11.6550054,11.53181842,11.65764452,12.1780152,13.10650191,12.92072158,12.47401256,12.2909862,11.55957998,11.4200439,9.268399963,10.03465408,10.71669733,
"Korea, Rep.",LBN,Taxes on goods and services (% value added of industry and services),GC.TAX.GSRV.VA.ZS,,,,,,,,,,,,,,,,,,,,,,,,,,,,,,,,,,,,,,,,,5.029476961,5.570143224,10.29228013,12.11941311,11.82635479,9.81300684,8.63638111,9.047839205,9.821039909,11.47722741,10.79842408,9.547082567,8.691956657,7.917569504,7.558904613,7.230962558,7.213793286,7.473833587,7.582316988,6.626920766,2.986295265,2.541406373,,
Kuwait,LBR,Taxes on goods and services (% value added of industry and services),GC.TAX.GSRV.VA.ZS,,,,,,,,,,,,,,,,,,,,,,,,,,,,,,,,,,,,,,,,,,,,,,4.237629386,4.777903951,5.347843283,4.999400172,,4.42003561,3.963580944,4.454526196,3.572785374,,,,,,,,,,
Latin America & Caribbean (excluding high income),LBY,Taxes on goods and services (% value added of industry and services),GC.TAX.GSRV.VA.ZS,,,,,,,,,,,,,,,,,,,,,,,,,,,,,,,,,,,,,,,,,,,,,,,,,,,,,,,,,,,,,,,,
Lao PDR,LCA,Taxes on goods and services (% value added of industry and services),GC.TAX.GSRV.VA.ZS,,,,,,,,,,,,,,,,,,,,,,,,,,,,,,,,,,,,,,,,,,,,,,,3.615309454,3.899408643,4.119345673,3.377033503,3.644311368,3.423691022,4.867704484,9.474853531,9.525506687,9.975610934,9.930539314,8.420404459,,,,,,
Lebanon,LCN,Taxes on goods and services (% value added of industry and services),GC.TAX.GSRV.VA.ZS,,,,,,,,,,,,,,,,,,,,,,,,,,,,,,,,,,,,,,,,,,,,,,,,,,,,,,,,,,,,,,,,
Liberia,LDC,Taxes on goods and services (% value added of industry and services),GC.TAX.GSRV.VA.ZS,,,,,,,,,,,,,,,,,,,,,,,,,,,,,,,,,,,,,,,,,,,,,,,,,,,,,,,,,,,,,,,,
Libya,LIC,Taxes on goods and services (% value added of industry and services),GC.TAX.GSRV.VA.ZS,,,,,,,,,,,,,,,,,,,,,,,,,,,,,,,,,,,,,,,,,,,,,,,,,,,,,,,,,,,,,,,,
St. Lucia,LIE,Taxes on goods and services (% value added of industry and services),GC.TAX.GSRV.VA.ZS,,,,,,,,,,,,,,,,,,,,,,,,,,,,,,,,,,,,,,,,,,,,,,,,,,,,,,,,,,,,,,,,
Latin America & Caribbean,LKA,Taxes on goods and services (% value added of industry and services),GC.TAX.GSRV.VA.ZS,,,,,,,,,,,,,,,,,,,,,,,,,,,,,,,13.30473696,12.94366052,12.77861256,13.18784812,12.98246306,13.99847574,13.22842239,12.63977882,11.4270484,11.67895704,12.19456004,12.14527301,11.05101176,9.645771952,10.47403162,10.53851446,9.947369896,9.053928008,8.01998551,6.452128684,6.634488858,6.60127408,6.4297649,5.978677947,5.875124595,7.476922842,7.819054686,8.534786425,8.242798219,7.191073853,4.241662964,4.254223953,4.177858817,5.995983619
Least developed countries: UN classification,LMC,Taxes on goods and services (% value added of industry and services),GC.TAX.GSRV.VA.ZS,,,,,,,,,,,,,,,,,,,,,,,,,,,,,,,,,,,,,,,,,,,,,,,,,,,,,,,,,,,,,,,,
Low income,LMY,Taxes on goods and services (% value added of industry and services),GC.TAX.GSRV.VA.ZS,,,,,,,,,,,,,,,,,,,,,,,,,,,,,,,,,,,,,,,,,,,,,,,,,,,,,,,,,,,,,,,,
Liechtenstein,LSO,Taxes on goods and services (% value added of industry and services),GC.TAX.GSRV.VA.ZS,,,,,,,,,,,,,,,,,,,,,,,4.301987397,5.112384231,4.740287159,5.321075185,10.6445283,10.8234247,10.97377767,11.96348793,,16.05357462,16.86400111,18.13470695,16.69358417,16.47512663,13.82860125,16.21350106,13.33887598,12.99491181,12.13025553,12.79906128,12.06946986,13.7583073,16.26155021,16.30825709,19.50719211,21.18435779,19.82016507,20.56521715,15.6991195,15.16025798,21.19723497,19.32109972,19.72568,17.92842165,15.41760169,18.51781239,17.55279699,18.52595064,20.51093408,18.74430968,18.69313837,
Sri Lanka,LTE,Taxes on goods and services (% value added of industry and services),GC.TAX.GSRV.VA.ZS,,,,,,,,,,,,,,,,,,,,,,,,,,,,,,,,,,,,,,,,,,,,,,,,,,,,,,,,,,,,,,,,
Lower middle income,LTU,Taxes on goods and services (% value added of industry and services),GC.TAX.GSRV.VA.ZS,,,,,,,,,,,,,,,,,,,,,,,,,,,,,,,,,,,,13.22388218,12.72041708,15.3527624,15.57331682,15.27597146,13.78601535,13.4403498,13.67111118,12.70756219,12.16595958,12.45811602,12.56768331,13.0078635,12.93645425,12.59962969,13.28145462,13.01412009,12.47622809,12.32757111,12.53562963,13.01542275,13.06283913,13.12983138,12.77817454,12.87911474,13.12638631,13.52205281,12.88160904,
Low & middle income,LUX,Taxes on goods and services (% value added of industry and services),GC.TAX.GSRV.VA.ZS,,,,,,,,,,,,,,,,,,,,,,,,,,,,,,,,,,,,12.78435467,12.65617732,13.17175366,13.86045674,14.22053506,14.79659721,14.06961639,13.70140105,13.69844067,14.6259378,14.87636115,13.76148751,14.30414416,13.08085399,13.09155781,12.92964557,13.29917155,13.58121139,13.56836767,14.09317067,11.55557856,11.67903114,12.14104,12.4812647,12.3859658,11.869112,12.42345711,12.24373296,
Lesotho,LVA,Taxes on goods and services (% value added of industry and services),GC.TAX.GSRV.VA.ZS,,,,,,,,,,,,,,,,,,,,,,,,,,,,,,,,,,,,20.6114569,19.38812509,20.36229042,21.81688548,20.69049567,18.99728629,18.17785851,17.39403756,18.63782743,18.71320539,20.21236319,21.1297948,20.16904234,17.76360846,17.79269686,19.57283531,20.88362704,21.06099077,21.76768408,22.39609274,22.68027779,23.6968648,23.70822649,24.53938781,24.0251104,23.76130219,23.45975623,24.79154064,
Late-demographic dividend,MAC,Taxes on goods and services (% value added of industry and services),GC.TAX.GSRV.VA.ZS,,,,,,,,,,,,,,,,,,,,,,,,,,,,,,,,,,,,,11.80159646,14.62030795,12.85982145,12.72783372,13.52190717,14.98191742,15.89027152,19.18814698,21.43148414,20.67783199,21.11138494,23.79629386,29.06469053,28.3068472,33.0276791,35.80453147,35.39040626,34.95225155,33.56511506,26.72269523,25.3311972,27.03502586,27.70950992,27.86172164,17.17194599,15.64270401,10.93752863,
Lithuania,MAF,Taxes on goods and services (% value added of industry and services),GC.TAX.GSRV.VA.ZS,,,,,,,,,,,,,,,,,,,,,,,,,,,,,,,,,,,,,,,,,,,,,,,,,,,,,,,,,,,,,,,,
Luxembourg,MAR,Taxes on goods and services (% value added of industry and services),GC.TAX.GSRV.VA.ZS,,,,,,,,,,,,,,,,,,,,,,,,,,,,,,,12.41930236,13.17917108,14.15663892,14.31575168,14.14993293,13.153863,,13.5786567,13.39184615,12.71828125,,,12.41812916,12.51126812,12.24820771,12.28108471,12.95996683,15.05693439,16.11645925,15.0983179,16.15609559,16.10093063,16.32869463,15.99781147,14.20452151,13.98160784,13.69493617,13.78337652,13.90717985,13.59635959,13.21355739,14.10952285,14.70531876,
Latvia,MCO,Taxes on goods and services (% value added of industry and services),GC.TAX.GSRV.VA.ZS,,,,,,,,,,,,,,,,,,,,,,,,,,,,,,,,,,,,,,,,,,,,,,,,,,,,,,,,,,,,,,,,
"Macao SAR, China",MDA,Taxes on goods and services (% value added of industry and services),GC.TAX.GSRV.VA.ZS,,,,,,,,,,,,,,,,,,,,,,,,,,,,,,,,,,,,,14.32836034,23.54575461,24.62684548,17.24324416,19.24085263,15.19256191,15.43250634,17.60623085,19.73023465,22.45405726,24.04398792,23.39038392,23.96618179,20.56625185,18.21751085,18.50545421,18.00825932,18.29631465,18.90670265,17.02174507,16.74988424,18.41336624,17.71149353,17.53701311,17.83986869,18.94373516,18.06249359,
St. Martin (French part),MDG,Taxes on goods and services (% value added of industry and services),GC.TAX.GSRV.VA.ZS,,,,,,,,,,,,,,,,,,,,,,,,,,,,,,,,,,,,,,,,,,,,,,,,4.196104004,4.197966669,2.8067878,7.350578884,7.67993325,7.539190491,8.066857904,7.489243967,7.802110265,7.714607113,8.457525929,8.551113146,8.219210623,7.71624203,8.501814369,9.472133605,
Morocco,MDV,Taxes on goods and services (% value added of industry and services),GC.TAX.GSRV.VA.ZS,,,,,,,,,,,,,,,,,,,,,,,,,,,,,,,,,,,,,,,,,,,,3.430317599,3.411396329,3.231069435,3.305901929,3.067000952,2.621159597,2.322562105,2.200349854,4.810346068,,,11.80607628,12.21432294,13.18799925,13.45812194,13.17137228,12.3794275,10.4812744,13.74683408,,
Monaco,MEA,Taxes on goods and services (% value added of industry and services),GC.TAX.GSRV.VA.ZS,,,,,,,,,,,,,,,,,,,,,,,,,,,,,,,,,,,,,,,,,,,,,,,,,,,,,,,,,,,,,,,,
Moldova,MEX,Taxes on goods and services (% value added of industry and services),GC.TAX.GSRV.VA.ZS,,,,,,,,,,,,,3.999973895,4.337686462,5.034143415,6.341583259,5.724154057,5.944312901,5.869850909,6.126732944,8.182189606,8.17439231,9.457754237,13.12182611,12.43050719,12.09629204,10.48025613,11.95924,10.46436152,10.38358028,10.06546954,9.476857119,8.749349403,6.034077663,5.964536032,6.79325494,7.267036132,7.346124267,6.331193346,6.631518126,7.767165885,,,,,,,,4.548056143,4.474003656,4.749259483,4.465504824,4.385839523,4.145777493,4.887150694,6.068602602,6.434836057,5.803767447,5.835909336,6.175075997,6.734753579,6.409393697,5.564460866,6.431323749
Madagascar,MHL,Taxes on goods and services (% value added of industry and services),GC.TAX.GSRV.VA.ZS,,,,,,,,,,,,,,,,,,,,,,,,,,,,,,,,,,,,,,,,,,,,,,,,,6.021021476,6.39414104,6.652331156,6.29792626,7.173945701,6.907549759,6.655377986,6.925154275,6.780474813,7.179431564,7.802391646,8.248096229,7.223433615,,,
Maldives,MIC,Taxes on goods and services (% value added of industry and services),GC.TAX.GSRV.VA.ZS,,,,,,,,,,,,,,,,,,,,,,,,,,,,,,,,,,,,,,,,,,,,,,,,,,,,,,,,,,,,,,,,
Middle East & North Africa,MKD,Taxes on goods and services (% value added of industry and services),GC.TAX.GSRV.VA.ZS,,,,,,,,,,,,,,,,,,,,,,,,,,,,,,,,,,,,,,,,,,,,,,17.23612275,16.09039219,17.41303035,16.2910554,15.76116942,15.80420673,16.21953412,15.24531206,14.99662688,15.68865993,14.78737891,15.32773951,15.1652171,14.97935472,14.93287082,13.51040124,14.98314984,,
Mexico,MLI,Taxes on goods and services (% value added of industry and services),GC.TAX.GSRV.VA.ZS,,,,,,,,,,,,,,,,,,,,,,,,,,,,,,,,,,,,,,,,,11.28912656,11.21053053,11.97570086,11.95734627,13.69470615,12.93506643,12.59427869,10.81947437,8.886625491,9.426494853,9.150641968,8.967965372,8.987101263,9.64306845,9.678691525,13.19026509,16.95129152,17.02383543,11.78108326,13.98931236,11.38931735,,,
Marshall Islands,MLT,Taxes on goods and services (% value added of industry and services),GC.TAX.GSRV.VA.ZS,,,,,,,,,,,,,5.321936772,4.798572348,4.539932835,3.72224286,3.333760771,2.857331194,2.246647329,,2.13102081,2.476321327,2.271634982,2.483640625,2.46051884,2.406000362,2.550755992,2.392465958,2.576862972,2.641333748,6.570634066,7.57021238,7.535211226,7.227371496,10.72683725,29.97841697,27.80675086,29.54863283,26.80636755,29.82151199,30.42759805,32.14337142,31.93307303,31.87868797,36.36283864,39.93410994,40.17100686,39.42799472,15.96556809,15.72819652,15.75587106,15.83027689,15.05458623,14.43301879,14.75793402,13.61648165,13.73007148,13.06838128,13.41741447,12.8784488,11.16665004,10.71897532,11.02455574,
Middle income,MMR,Taxes on goods and services (% value added of industry and services),GC.TAX.GSRV.VA.ZS,,,,,,,,,,,,,,,,,,,,,,,,,,,,,,,,,,,,,,,,,,,,,,,,,,,,,3.187325781,3.870580507,3.771230897,3.955592326,5.527730806,4.2890926,2.168425261,4.548800694,,,,
North Macedonia,MNA,Taxes on goods and services (% value added of industry and services),GC.TAX.GSRV.VA.ZS,,,,,,,,,,,,,,,,,,,,,,,,,,,,,,,,,,,,,,,,,,,,,,,,,,,,,,,,,,,,,,,,
Mali,MNE,Taxes on goods and services (% value added of industry and services),GC.TAX.GSRV.VA.ZS,,,,,,,,,,,,,,,,,,,,,,,,,,,,,,,,,,,,,,,,,,,,,,,,,,,,,,,,,,,,,,,,
Malta,MNG,Taxes on goods and services (% value added of industry and services),GC.TAX.GSRV.VA.ZS,,,,,,,,,,,,,,,,,,,,,,,,,,,,,,,,,6.98263047,7.464906787,5.618263893,,6.603656652,8.13014211,10.06687201,12.55133329,14.53397026,16.2647706,12.75236015,15.86412332,,,17.47558943,11.03070785,11.12944871,11.89286809,11.24746567,14.17429085,12.70849452,13.58042863,10.94578972,9.603497487,9.779578052,9.975103436,12.03306321,11.74474899,10.59348141,12.45190612,,
Myanmar,MNP,Taxes on goods and services (% value added of industry and services),GC.TAX.GSRV.VA.ZS,,,,,,,,,,,,,,,,,,,,,,,,,,,,,,,,,,,,,,,,,,,,,,,,,,,,,,,,,,,,,,,,
Middle East & North Africa (excluding high income),MOZ,Taxes on goods and services (% value added of industry and services),GC.TAX.GSRV.VA.ZS,,,,,,,,,,,,,,,,,,,,,,,,,,,,,,,,,,,,,,,,,,,,,,,,,,,12.92517346,14.39511605,13.97507787,15.16936014,15.27107192,12.86505035,13.22873899,12.09383957,12.90614848,13.58075266,13.08521232,16.03768519,14.76769548,
Montenegro,MRT,Taxes on goods and services (% value added of industry and services),GC.TAX.GSRV.VA.ZS,,,,,,,,,,,,,,,,,,,,,,,,,,,,,,,,,,,,,,,,,,,,,,,,,,,,,,,,,,,,,,,,
Mongolia,MUS,Taxes on goods and services (% value added of industry and services),GC.TAX.GSRV.VA.ZS,,,,,,,,,,,,,,,,,5.01394484,5.449569977,5.822448528,6.027088036,5.772972973,5.705913692,5.619552415,6.56974202,7.203800659,7.011142298,6.62266858,6.396305058,7.002803738,7.755199049,7.952680196,8.544966789,8.827327,8.468203532,8.609952472,7.928420643,7.511938464,8.69440012,9.152559934,10.5803355,10.73534801,9.670083229,10.13120566,11.48682288,11.55881504,12.13055527,11.09908325,11.28276758,12.67528057,14.00500611,14.68564155,15.24075329,16.0833873,15.58026331,15.1828009,7.296199195,14.71040625,14.92618543,15.44740482,15.83123,16.35469004,14.00265341,14.75413662,15.28835413
Northern Mariana Islands,MWI,Taxes on goods and services (% value added of industry and services),GC.TAX.GSRV.VA.ZS,,,,,,,,,,,,,,,,,,,,,,,,,,,,,,,,,,,,,,,,,,,,,,,,,,7.023128077,7.415890172,7.305891764,6.158358287,5.820978569,7.064463311,6.209886864,6.356636924,7.307029134,7.323950609,7.468370734,7.804782838,7.683268292,8.793374638,
Mozambique,MYS,Taxes on goods and services (% value added of industry and services),GC.TAX.GSRV.VA.ZS,,,,,,,,,,,,,,,,,,,,,,,,,,,,,,,,,,,,,6.882371198,6.731688294,4.835311922,5.119155865,4.580973449,5.328537953,5.017538296,4.300359643,4.050685124,4.383559418,3.708834204,3.546075821,3.696486711,3.883732721,3.657249049,3.573271091,3.517090617,3.385153581,3.302130841,4.686654695,5.458337731,5.114096316,3.429928963,3.477080998,3.442409565,3.268796232,3.562227136,
Mauritania,NAC,Taxes on goods and services (% value added of industry and services),GC.TAX.GSRV.VA.ZS,,,,,,,,,,,,,,,,,,,,,,,,,,,,,,,,,,,,,,,,,,,,,,,,,,,,,,,,,,,,,,,,
Mauritius,NAM,Taxes on goods and services (% value added of industry and services),GC.TAX.GSRV.VA.ZS,,,,,,,,,,,,,,,,,,,,,,,,,,,,,,,8.009334664,8.454338872,9.70489729,,,,,,,,9.042945252,8.41868615,7.525646667,6.428745379,6.026658545,9.117966886,7.519990983,8.306011335,7.715367268,8.754822001,8.08697343,10.84969283,7.651583155,10.076543,9.493823361,9.966576039,9.502027517,8.497051457,8.491470704,8.871112656,7.031523714,8.976843451,9.491025529,
Malawi,NCL,Taxes on goods and services (% value added of industry and services),GC.TAX.GSRV.VA.ZS,,,,,,,,,,,,,,,,,,,,,,,,,,,,,,,,,,,,,,,,,,,,,,,,,,,,,,,,,,,,,,,,
Malaysia,NER,Taxes on goods and services (% value added of industry and services),GC.TAX.GSRV.VA.ZS,,,,,,,,,,,,,,,,,4.716350775,4.72047168,5.534502671,5.506694836,5.37176972,,,,,,,,,,,,,,,,,,,,,,,,,,,,,,,,,,,,,,,,,,,
North America,NGA,Taxes on goods and services (% value added of industry and services),GC.TAX.GSRV.VA.ZS,,,,,,,,,,,,,,,,,,,,,,,,,,,,,,,,,,,,,,,,,,,,,,,,,,,,,,,,,,,,,,,,
Namibia,NIC,Taxes on goods and services (% value added of industry and services),GC.TAX.GSRV.VA.ZS,,,,,,,,,,,,,,,,,,,,,,,,,,,,,,,,,,,7.288018397,10.34632446,10.65163138,11.2688125,11.19581598,11.35591306,11.215246,9.705135619,10.22362734,10.84238776,11.11587084,11.78126372,11.82844193,11.95474526,10.97518341,10.48002739,11.52854532,12.07087955,12.2401933,11.97936173,11.94846722,11.79921974,11.80061499,11.99452397,10.48286661,11.96297086,12.02863896,13.48626407,13.78751514,
New Caledonia,NLD,Taxes on goods and services (% value added of industry and services),GC.TAX.GSRV.VA.ZS,,,,,,,,,,,,,,10.20178912,9.175034021,9.705858418,10.06757441,10.89460641,10.95674097,10.78769313,10.68419591,10.13722234,10.00601802,10.2473753,10.38774167,10.56151284,10.94012337,11.63174181,11.5432957,11.02250135,11.10557372,11.03470232,11.07914036,11.05618856,11.06997704,11.10447101,11.43420926,11.45708669,11.50159652,12.08901784,11.84681587,12.37302796,12.19479945,12.22531848,12.32466291,12.4384975,12.6194804,12.22689578,12.01581291,11.57182237,11.55706485,11.1442707,10.87886312,11.06320025,11.27892585,11.16668482,11.7074663,11.72366463,11.8733888,12.25828167,12.41073987,12.41991408,11.27009506,
Niger,NOR,Taxes on goods and services (% value added of industry and services),GC.TAX.GSRV.VA.ZS,,,,,,,,,,,,,18.45323204,17.66025671,16.56324925,16.89409383,17.87743556,18.55841198,17.88993724,17.13941992,16.93898406,17.20597356,16.8387162,17.03673391,16.68163103,18.16888937,20.03320925,19.87526466,18.20977091,16.70331191,16.34124945,16.14555677,16.91251578,16.98741155,17.7429724,17.63041235,17.38127285,17.32566789,17.91188933,17.29257658,15.10904215,14.88856424,15.06534987,14.53293463,14.20495761,13.60499732,13.47947892,13.86635965,12.18934034,13.22111368,13.36082752,12.77307337,12.49147972,12.61208951,12.82724938,13.44789688,14.31135671,13.98116772,13.48367627,13.66812776,14.34968412,12.05446514,9.373272763,
Nigeria,NPL,Taxes on goods and services (% value added of industry and services),GC.TAX.GSRV.VA.ZS,,,,,,,,,,,,,,,,,,,,,,,,,,,,,,,7.375946529,6.911035363,6.968780364,6.764000417,7.647323859,8.258410491,8.016256591,7.763240037,7.365102977,6.904100273,7.031443074,6.371072049,6.391161382,6.722882993,6.961713693,7.607887563,7.440960428,8.221876521,8.457497576,10.00975173,12.40721413,10.48746403,10.473829,11.03921327,11.66240116,12.26907017,13.050688,13.98934979,16.40675864,16.90920019,10.51234967,12.83310753,,
Nicaragua,NRU,Taxes on goods and services (% value added of industry and services),GC.TAX.GSRV.VA.ZS,,,,,,,,,,,,,,,,,,,,,,,,,,,,,,,,,,,,,,,,,,,,,,,,,,,,,,,,,,,,,,,,
Netherlands,NZL,Taxes on goods and services (% value added of industry and services),GC.TAX.GSRV.VA.ZS,,,,,,,,,,,,,6.578556579,6.329272887,5.934620448,6.969846762,6.528817975,6.604717655,6.839267803,7.003095291,6.78836547,7.039642911,7.257347859,7.295895688,7.462726234,6.756940664,7.679944897,11.62565565,11.55179429,,,,,,,,,,,,,11.27073838,11.21772548,11.45114488,11.49664005,11.17294615,11.20794109,10.57332109,9.932915011,10.05069667,10.10862657,10.93403293,11.26506146,11.1236817,10.87757569,10.94224666,11.05745457,10.97844127,10.98882953,11.01731174,10.88736557,11.58822622,,
Norway,OED,Taxes on goods and services (% value added of industry and services),GC.TAX.GSRV.VA.ZS,,,,,,,,,,,,,,,,,,,,,,,,,,,,,,,,,,,,,,,,,,,,,,,,,,,,,,,,,,,,,,,,
Nepal,OMN,Taxes on goods and services (% value added of industry and services),GC.TAX.GSRV.VA.ZS,,,,,,,,,,,,,,,,,,,,,,,,,,,,,,,,,,,,,,,,,,,,,,,,,,,,,,,,,,,,,,,,
Nauru,OSS,Taxes on goods and services (% value added of industry and services),GC.TAX.GSRV.VA.ZS,,,,,,,,,,,,,,,,,,,,,,,,,,,,,,,,,,,,,,,,,,,,,,,,,,,,,,,,,,,,,,,,
New Zealand,PAK,Taxes on goods and services (% value added of industry and services),GC.TAX.GSRV.VA.ZS,,,,,,,,,,,,,,7.49993672,7.510353319,7.231806238,7.994053908,7.88032256,8.009297814,8.025255261,8.654255211,8.774324514,8.403647149,8.184882462,9.220197258,8.302965062,8.88248923,,8.797481165,9.865468156,,,,,,,,6.890208857,6.512257999,6.728899495,4.839578066,,,,,,,,,,,,,,,,,,,,,,,
OECD members,PAN,Taxes on goods and services (% value added of industry and services),GC.TAX.GSRV.VA.ZS,,,,,,,,,,,,,,,,,,,,,,,,,,,,,,,,,,,,,,,,,,,,,,,,,,,,,,,5.165835943,5.047021275,5.076620837,4.85003407,4.618200882,4.403472734,4.100544786,3.952251785,,
Oman,PER,Taxes on goods and services (% value added of industry and services),GC.TAX.GSRV.VA.ZS,,,,,,,,,,,,,6.4179461,5.303999453,5.797898419,6.174276743,6.759129182,3.577738054,8.089133548,8.605229431,,,,,,,,,,,,8.764310856,9.259507589,9.012403432,10.19691617,9.708258983,9.594933861,9.731197542,9.629593513,9.000541654,8.693618496,8.460961424,8.790626642,9.270224998,9.224351612,8.896988816,8.65602989,8.890244791,9.310919604,8.897453235,9.40351882,8.911578404,8.949143678,9.194710143,9.374080926,8.950198664,7.715399231,7.491217292,8.208563898,8.336612162,7.618975183,9.124735127,,
Other small states,PHL,Taxes on goods and services (% value added of industry and services),GC.TAX.GSRV.VA.ZS,,,,,,,,,,,,,,,,,,,,,,,,,,,,,,,5.469758628,4.771994026,5.031836175,5.185773413,5.301804622,4.926495451,5.404775924,5.756480357,4.956323386,4.894674009,4.497000817,4.283268886,4.001483468,3.943502957,3.774958637,3.699527051,4.310491591,4.017212186,3.64925304,3.914838499,3.630013243,3.536393857,3.797603154,4.179390721,4.16274519,4.249939549,4.207062622,4.481559232,4.685075257,4.834764742,4.809905208,4.879279334,4.600182803,4.204552196
Pakistan,PLW,Taxes on goods and services (% value added of industry and services),GC.TAX.GSRV.VA.ZS,,,,,,,,,,,,,,,,,,,,,,,,,,,,,,,,,,,,,,,,,,,,,,,,,8.702722541,8.41936307,9.349060832,11.03453011,11.22558411,11.93988718,12.37396763,12.82500683,11.8648144,11.77381316,12.46973928,10.19631484,7.814398752,,,
Panama,PNG,Taxes on goods and services (% value added of industry and services),GC.TAX.GSRV.VA.ZS,,,,,,,,,,,,,,,,,,,,,,,,,,,,,,,,,,,,,,,,,,,,,,,,,,,,,,,6.532934459,5.707207099,5.083334326,5.764545241,5.669716242,5.977440111,5.302917345,5.829372106,4.864302842,
Peru,POL,Taxes on goods and services (% value added of industry and services),GC.TAX.GSRV.VA.ZS,,,,,,,,,,,,,,,,,,,,,,,,,,,,,,,,,,,,13.13751902,13.66096449,13.1272194,12.71181515,13.41043487,12.47921607,12.43752463,13.20225445,13.31473033,13.50036765,14.24677244,14.58416735,15.10376833,15.13447845,13.23401376,14.43780205,14.60724379,13.54009971,13.45211791,13.4085616,13.26443113,13.94204654,14.53000832,14.69647899,14.41328944,14.45948129,15.72038069,13.91987411,
Philippines,PRE,Taxes on goods and services (% value added of industry and services),GC.TAX.GSRV.VA.ZS,,,,,,,,,,,,,,,,,,,,,,,,,,,,,,,,,,,,,,,,,,,,,,,,,,,,,,,,,,,,,,,,
Palau,PRI,Taxes on goods and services (% value added of industry and services),GC.TAX.GSRV.VA.ZS,,,,,,,,,,,,,,,,,,,,,,,,,,,,,,,,,,,,,,,,,,,,,,,,,,,,,,,,,,,,,,,,
Papua New Guinea,PRK,Taxes on goods and services (% value added of industry and services),GC.TAX.GSRV.VA.ZS,,,,,,,,,,,,,,,,,,,,,,,,,,,,,,,,,,,,,,,,,,,,,,,,,,,,,,,,,,,,,,,,
Poland,PRT,Taxes on goods and services (% value added of industry and services),GC.TAX.GSRV.VA.ZS,,,,,,,,,,,,,,,,,,,,,,,,,,,,,,,,,,,,13.50245515,13.87449788,13.3931146,13.92248675,14.02705042,13.35614417,13.37366956,13.85276167,13.76650213,13.6831639,14.53407958,14.81573702,14.21545563,13.66939104,11.95264877,12.94869115,13.62124966,13.7493667,13.43624148,13.94249707,14.36188592,14.55174818,14.72718978,14.856041,14.711357,14.04581385,14.60525704,14.55663054,
Pre-demographic dividend,PRY,Taxes on goods and services (% value added of industry and services),GC.TAX.GSRV.VA.ZS,,,,,,,,,,,,,,,,,,,,,,,,,,,,,,,,,,,,,,,,,,,,,,6.40114147,6.375309913,6.687438654,6.913609391,6.433827273,7.500867544,7.931246762,7.628265275,7.504530439,8.194015679,7.85730894,7.828650102,7.875201404,7.951970618,7.535943782,7.3718878,7.57234935,7.506986633,
Puerto Rico,PSE,Taxes on goods and services (% value added of industry and services),GC.TAX.GSRV.VA.ZS,,,,,,,,,,,,,,,,,,,,,,,,,,,,,,,,,,,,,,,,,,,,,,3.343502675,3.490569076,3.580753212,3.850777082,5.664041566,4.207964203,3.936960604,3.31690974,3.424442278,4.058420599,3.997336955,4.268666751,4.202295653,12.73172025,12.89438375,14.12448954,13.30873082,,
"Korea, Dem. People's Rep.",PSS,Taxes on goods and services (% value added of industry and services),GC.TAX.GSRV.VA.ZS,,,,,,,,,,,,,,,,,,,,,,,,,,,,,,,,,,,,,,,,,,,,,,,,,,,,,,,,,,,,,,,,
Portugal,PST,Taxes on goods and services (% value added of industry and services),GC.TAX.GSRV.VA.ZS,,,,,,,,,,,,,,,,,,,,,,,,,,,,,,,,,,,,,,,,,,,,,,,,,,,,,,,,,,,,,,,,
Paraguay,PYF,Taxes on goods and services (% value added of industry and services),GC.TAX.GSRV.VA.ZS,,,,,,,,,,,,,,,,,,,,,,,,,,,,,,,,,,,,,,,,,,,,,,,,,,,,,,,,,,,,,,,,
West Bank and Gaza,QAT,Taxes on goods and services (% value added of industry and services),GC.TAX.GSRV.VA.ZS,,,,,,,,,,,,,,,,,,,,,,,,,,,,,,,,,,,,,,,,,,,,,,,,,,,,,,,,,,,,,,,,
Pacific island small states,ROU,Taxes on goods and services (% value added of industry and services),GC.TAX.GSRV.VA.ZS,,,,,,,,,,,,,,,,,,,,,,,,,,,,,,,16.03993344,11.05738351,8.778973423,11.28917722,9.496493589,9.654971462,8.838466672,9.745994408,12.3409261,13.26962406,13.01061027,12.90500051,13.19434339,14.59829514,13.69878646,14.53943839,14.0736955,13.53020423,12.74877895,11.3169019,12.94710044,14.26766004,14.30319564,14.80768052,14.29037008,15.08104493,12.74270949,11.41562197,11.4407977,11.5981764,11.27110859,11.80436378,11.65105923,
Post-demographic dividend,RUS,Taxes on goods and services (% value added of industry and services),GC.TAX.GSRV.VA.ZS,,,,,,,,,,,,,,,,,,,,,,,,,,,,,,,,,,,,,,,,8.643725602,9.136018461,11.41869455,10.83280174,10.45627579,8.473344482,9.006825183,7.425932203,9.171781365,6.869651705,7.09818688,6.785642159,6.989785454,6.980142265,6.709367096,7.052745355,6.960897027,7.558752865,7.885657596,8.322833832,8.471375652,9.670303808,9.541213962,8.563913507,
French Polynesia,RWA,Taxes on goods and services (% value added of industry and services),GC.TAX.GSRV.VA.ZS,,,,,,,,,,,,,,,,,,,,,,,,,,,,,,,5.452538071,5.737088938,5.496680054,,,,,,,,,,,,,,,,,,,,,,10.19850301,10.11562611,11.41648823,10.57174175,11.04968506,10.59942816,11.15912559,,,
Qatar,SAS,Taxes on goods and services (% value added of industry and services),GC.TAX.GSRV.VA.ZS,,,,,,,,,,,,,,,,,,,,,,,,,,,,,,,,,,,,,,,,,,,,,,,,,,,,,,,,,,,,,,,,
Romania,SAU,Taxes on goods and services (% value added of industry and services),GC.TAX.GSRV.VA.ZS,,,,,,,,,,,,,,,,,,,,,,,,,,,,,,,,,,,,,,,,,,,,,,,,,,,1.14228638,0.98068881,1.018228665,1.22679335,1.107931904,1.304620583,1.039559473,1.465289491,6.968722114,5.161687863,6.393849423,8.39972405,6.504104836,
Russian Federation,SDN,Taxes on goods and services (% value added of industry and services),GC.TAX.GSRV.VA.ZS,,,,,,,,,,,,,,,,,,,,,,,,,,,,,,,,,,,,,,,5.663014202,5.380051317,,,,,,,,,,7.090627767,5.826785379,3.717397362,6.532042307,7.479009474,8.548773497,8.917054422,8.015447075,,,,,,,
Rwanda,SEN,Taxes on goods and services (% value added of industry and services),GC.TAX.GSRV.VA.ZS,,,,,,,,,,,,,,,,,,,,,,,,,,,,,,,,,,,,,,,,,,,,,,,,,,,,,,,,11.59668591,11.90914008,11.20228458,11.04717583,13.28060844,12.75583544,12.44003765,12.73067887,13.85433954
South Asia,SGP,Taxes on goods and services (% value added of industry and services),GC.TAX.GSRV.VA.ZS,,,,,,,,,,,,,3.998912917,3.860087316,3.444743668,3.530320587,3.467342716,3.877828935,3.828876882,4.115514439,4.098828673,3.741107062,3.980244134,4.043852598,4.025335193,3.810208483,3.690640077,4.306955054,5.310232478,5.315281867,4.267374363,4.302443788,4.435694853,4.63932175,5.628116927,5.565694612,5.070288706,4.806922658,4.224105484,4.801500369,4.975950115,4.770833953,4.142625591,5.08370808,4.674198102,4.455720234,4.149938984,4.749069189,4.683429374,4.703769127,4.653499447,4.561952577,4.399308768,4.340023036,4.494922572,4.424741504,4.501402996,4.254700922,4.048822948,3.990223389,3.867606516,3.784901435,3.431222627,
Saudi Arabia,SLB,Taxes on goods and services (% value added of industry and services),GC.TAX.GSRV.VA.ZS,,,,,,,,,,,,,,,,,,,,,,,,,,,,,,,,,,,,,,,,,,,,,,,,,,,,10.30599564,9.550705178,9.428328417,10.03308913,8.485087417,7.837624269,12.60639435,8.159894211,7.382677223,7.28316206,,8.03930618,
Sudan,SLE,Taxes on goods and services (% value added of industry and services),GC.TAX.GSRV.VA.ZS,,,,,,,,,,,,,,,,,,,,,,,,,,,,,,,,,,,,,,,,,,,,,,,,,,,,,,,,,,,,,,,,
Senegal,SLV,Taxes on goods and services (% value added of industry and services),GC.TAX.GSRV.VA.ZS,,,,,,,,,,,,,,,,,,,,,,,,,,,,,,,,,,,,,,,6.993606818,6.616408478,7.390061772,8.18407521,8.266271836,8.766046904,8.779767368,9.779409058,10.99366249,11.75645071,11.84323194,9.520076568,10.61899373,9.931465059,11.51895758,11.56947497,11.44800236,11.63657301,11.25356604,11.62540202,11.98347946,11.85000172,11.83771157,13.08191546,12.61566602,12.58996755
Singapore,SMR,Taxes on goods and services (% value added of industry and services),GC.TAX.GSRV.VA.ZS,,,,,,,,,,,,,,,,,,,,,,,,,,,,,,,,,,,,,,,,,,,,,,,,,,,,,,,,10.30878299,9.784375195,9.168660982,9.110502968,8.644664809,7.866900822,8.768873419,8.966213251,
Solomon Islands,SOM,Taxes on goods and services (% value added of industry and services),GC.TAX.GSRV.VA.ZS,,,,,,,,,,,,,,,,,,,,,,,,,,,,,,,,,,,,,,,,,,,,,,,,,,,,,,,,,,,,,,,,
Sierra Leone,SRB,Taxes on goods and services (% value added of industry and services),GC.TAX.GSRV.VA.ZS,,,,,,,,,,,,,,,,,,,,,,,,,,,,,,,,,,,,,,,,,,,,,,,,19.07925575,18.81315928,18.58073522,19.26401742,18.44493639,18.3918385,17.9937562,19.16925269,19.85132647,20.81448632,20.67635435,20.26909006,20.43427763,20.10341882,17.65941766,20.07643941,
El Salvador,SSA,Taxes on goods and services (% value added of industry and services),GC.TAX.GSRV.VA.ZS,,,,,,,,,,,,,,,,,,,,,,,,,,,,,,,,,,,,,,,,,,,,,,,,,,,,,,,,,,,,,,,,
San Marino,SSD,Taxes on goods and services (% value added of industry and services),GC.TAX.GSRV.VA.ZS,,,,,,,,,,,,,,,,,,,,,,,,,,,,,,,,,,,,,,,,,,,,,,,,,,,,,,,,,,,,,,,,
Somalia,SSF,Taxes on goods and services (% value added of industry and services),GC.TAX.GSRV.VA.ZS,,,,,,,,,,,,,,,,,,,,,,,,,,,,,,,,,,,,,,,,,,,,,,,,,,,,,,,,,,,,,,,,
Serbia,SST,Taxes on goods and services (% value added of industry and services),GC.TAX.GSRV.VA.ZS,,,,,,,,,,,,,,,,,,,,,,,,,,,,,,,,,,,,,,,,,,,,,,,,,,,,,,,,,,,,,,,,
Sub-Saharan Africa (excluding high income),STP,Taxes on goods and services (% value added of industry and services),GC.TAX.GSRV.VA.ZS,,,,,,,,,,,,,,,,,,,,,,,,,,,,,,,,,,,,,,,,,,,,,,,,,,,,,,,,,,,,,,,,
South Sudan,SUR,Taxes on goods and services (% value added of industry and services),GC.TAX.GSRV.VA.ZS,,,,,,,,,,,,,,,,,,,,,,,,,,,,,,,,,,,,,,,,,,,,,,,,,,,,,,,,,,,,,,,,
Sub-Saharan Africa,SVK,Taxes on goods and services (% value added of industry and services),GC.TAX.GSRV.VA.ZS,,,,,,,,,,,,,,,,,,,,,,,,,,,,,,,,,,,,14.61311657,13.78481013,12.67139309,12.85730164,12.20507162,12.63203451,12.29245001,12.5297818,13.24173521,13.76076141,13.99537111,12.28383576,12.19015646,11.45434687,11.32208182,10.96240095,12.05564789,11.29849905,12.06602921,12.44781363,12.67365982,12.55273188,13.08719033,13.01959661,13.34712124,13.10611962,13.04708975,13.60257423,
Small states,SVN,Taxes on goods and services (% value added of industry and services),GC.TAX.GSRV.VA.ZS,,,,,,,,,,,,,,,,,,,,,,,,,,,,,,,,,,,,14.28263884,14.39673592,14.08263552,15.42535979,16.24125169,15.3384602,15.05361711,15.54016648,15.29881602,15.34470831,15.39953384,15.03153657,14.93202132,15.15903383,15.64784159,16.25246835,16.19568262,16.74677578,17.57111188,17.51673767,17.42350267,17.16341529,16.62091898,16.35881292,16.46058888,14.86190906,15.40546652,15.12100972,
Sao Tome and Principe,SWE,Taxes on goods and services (% value added of industry and services),GC.TAX.GSRV.VA.ZS,,,,,,,,,,,,,,,,,,,,,10.62978182,11.38942174,11.36642886,11.64917208,11.37904191,12.6128257,12.73390808,13.13378831,13.32733796,13.07498007,14.04604357,14.58152567,13.99848658,13.35498566,13.74067657,15.27240267,14.79522211,14.64447993,14.6879443,14.53189522,14.015034,14.09183645,14.27515793,14.362536,14.180205,14.4389651,14.27059135,14.23714979,14.56800247,15.08737955,15.10714333,14.56168872,14.43017826,14.3556542,14.19881056,14.23282014,14.70595437,14.61938528,14.60989387,14.1995136,14.20772566,13.99225565,14.3668678,
Suriname,SWZ,Taxes on goods and services (% value added of industry and services),GC.TAX.GSRV.VA.ZS,,,,,,,,,,,,,,,,,,,,,,,,,,,,,,,,,,,,,,,,,1.048196997,1.426283092,1.362303662,0.81275681,0.788251194,0.745575248,0.908558856,0.755203747,1.22714148,1.255131238,0.819154337,1.046660545,6.086253311,,6.459573349,6.722744696,6.677441374,7.123721347,7.190581777,7.50219331,7.879235032,7.752899241,,
Slovak Republic,SXM,Taxes on goods and services (% value added of industry and services),GC.TAX.GSRV.VA.ZS,,,,,,,,,,,,,,,,,,,,,,,,,,,,,,,,,,,,,,,,,,,,,,,,,,,,,,,,,,,,,,,,
Slovenia,SYC,Taxes on goods and services (% value added of industry and services),GC.TAX.GSRV.VA.ZS,,,,,,,,,,,,,,,,,,,,,,,,,,,,,,,,,,4.130229213,3.140603395,2.223150066,3.757643489,3.675528784,3.144091958,2.885035423,2.417194086,,,,,17.31646831,16.5183493,15.15458042,14.83086282,17.36850964,15.70563175,14.06551393,14.65211242,18.76162052,20.26116266,17.95019825,20.08788475,21.2028604,19.72777522,19.23195693,17.66146185,,,
Sweden,SYR,Taxes on goods and services (% value added of industry and services),GC.TAX.GSRV.VA.ZS,,,,,,,,,,,,,,,,,,,,,,,,,,,,,,,,,,,,,,,,,,,,,,,,,,,,,,,,,,,,,,,,
Eswatini,TCA,Taxes on goods and services (% value added of industry and services),GC.TAX.GSRV.VA.ZS,,,,,,,,,,,,,,,,,,,,,,,,,,,,,,,,,,,,,,,,,,,,,,,,,,,,,,,,,,,,,,,,
Sint Maarten (Dutch part),TCD,Taxes on goods and services (% value added of industry and services),GC.TAX.GSRV.VA.ZS,,,,,,,,,,,,,,,,,,,,,,,,,,,,,,,,,,,,,,,,,,,,,,,,,,,,,,,,,,,,,,,,
Seychelles,TEA,Taxes on goods and services (% value added of industry and services),GC.TAX.GSRV.VA.ZS,,,,,,,,,,,,,,,,,,,,,,,,,,,,,,,,,,,,,,,,,,,,,,,,,,,,,,,,,,,,,,,,
Syrian Arab Republic,TEC,Taxes on goods and services (% value added of industry and services),GC.TAX.GSRV.VA.ZS,,,,,,,,,,,,,,,,,,,,,,,,,,,,,,,,,,,,,,,,,,,,,,,,,,,,,,,,,,,,,,,,
Turks and Caicos Islands,TGO,Taxes on goods and services (% value added of industry and services),GC.TAX.GSRV.VA.ZS,,,,,,,,,,,,,,,,,,,,,,,,,,,,,,,,,,,,,,,,,,,,,5.519828062,6.125000383,6.875279017,7.543486684,7.254597626,6.906172891,7.743257405,8.405043559,8.493818598,8.138777654,9.728725182,10.57079515,10.21171983,10.92052204,10.14448445,10.56085721,10.53453959,11.16509987,11.34077679,
Chad,THA,Taxes on goods and services (% value added of industry and services),GC.TAX.GSRV.VA.ZS,,,,,,,,,,,,,,,,,,,,,,,,,,,,,,,,,,7.854116046,8.0731883,8.290714841,8.654758868,8.691402123,8.589759694,7.622459621,7.150434382,7.13660953,7.523769447,8.115008046,8.10406287,8.697167835,8.271719879,8.01795688,7.722352723,7.406955747,8.548910323,8.851889107,8.373233206,10.66444466,9.922283336,10.40120721,10.02814647,9.872086304,9.848654015,9.352422183,9.543077395,9.496086691,9.120235726,9.230490128
East Asia & Pacific (IDA & IBRD countries),TJK,Taxes on goods and services (% value added of industry and services),GC.TAX.GSRV.VA.ZS,,,,,,,,,,,,,,,,,,,,,,,,,,,,,,,,,,,,,,,8.846442351,8.932064954,8.718477532,8.875144776,,11.81130742,10.86422916,,,,,,,,,,,,,,,,,11.69247698,10.53369869,
Europe & Central Asia (IDA & IBRD countries),TKM,Taxes on goods and services (% value added of industry and services),GC.TAX.GSRV.VA.ZS,,,,,,,,,,,,,,,,,,,,,,,,,,,,,,,,,,,,,,,,,,,,,,,,,,,,,,,,,,,,,,,,
Togo,TLA,Taxes on goods and services (% value added of industry and services),GC.TAX.GSRV.VA.ZS,,,,,,,,,,,,,,,,,,,,,,,,,,,,,,,,,,,,,,,,,,,,,,,,,,,,,,,,,,,,,,,,
Thailand,TLS,Taxes on goods and services (% value added of industry and services),GC.TAX.GSRV.VA.ZS,,,,,,,,,,,,,,,,,,,,,,,,,,,,,,,,,,,,,,,,,,,,,,,,,,,5.648483461,6.524611225,7.173208706,5.876061479,7.744712553,7.256979426,5.18590204,5.117734517,5.307491604,3.966815531,3.405090659,2.18234917,3.46466298,
Tajikistan,TMN,Taxes on goods and services (% value added of industry and services),GC.TAX.GSRV.VA.ZS,,,,,,,,,,,,,,,,,,,,,,,,,,,,,,,,,,,,,,,,,,,,,,,,,,,,,,,,,,,,,,,,
Turkmenistan,TON,Taxes on goods and services (% value added of industry and services),GC.TAX.GSRV.VA.ZS,,,,,,,,,,,,,,,,,,,,,,,,,,,,,,,,,,,,,,,,,,,,,,,,,,,,,,15.81207236,16.53166968,17.67907478,19.58070592,20.73868194,22.3668231,21.90110338,21.07714074,,,
Latin America & the Caribbean (IDA & IBRD countries),TSA,Taxes on goods and services (% value added of industry and services),GC.TAX.GSRV.VA.ZS,,,,,,,,,,,,,,,,,,,,,,,,,,,,,,,,,,,,,,,,,,,,,,,,,,,,,,,,,,,,,,,,
Timor-Leste,TSS,Taxes on goods and services (% value added of industry and services),GC.TAX.GSRV.VA.ZS,,,,,,,,,,,,,,,,,,,,,,,,,,,,,,,,,,,,,,,,,,,,,,,,,,,,,,,,,,,,,,,,
Middle East & North Africa (IDA & IBRD countries),TTO,Taxes on goods and services (% value added of industry and services),GC.TAX.GSRV.VA.ZS,,,,,,,,,,,,,,,,,,,,,,,,,,,,,,,,,,,,,,,,,,6.400070801,6.945479406,5.08163063,5.532498784,4.585515889,4.64510073,4.47785486,4.439938736,5.318858493,5.300052668,4.141452299,4.748613773,4.713823677,4.063680306,5.508929451,4.914517501,5.643640873,5.622670008,5.274709949,,,,
Tonga,TUN,Taxes on goods and services (% value added of industry and services),GC.TAX.GSRV.VA.ZS,,,,,,,,,,,,,11.90306486,12.18558582,10.25063362,10.83841212,11.36057476,12.60261378,12.53426222,11.50949652,10.35572198,10.92157948,10.49322614,10.46700041,10.51540664,10.00637603,10.66096877,10.52014626,9.583785519,8.778106305,8.989818302,10.0408633,9.547551565,9.454273233,8.995059902,8.458265646,8.388805434,11.61035066,12.31342898,12.97741254,12.81245755,12.84744635,12.47530394,12.1018092,12.13375222,11.54108087,11.09174453,10.81682187,11.0558175,11.42175261,10.65346717,10.3429112,10.74979014,,,,,,,,,,,
South Asia (IDA & IBRD),TUR,Taxes on goods and services (% value added of industry and services),GC.TAX.GSRV.VA.ZS,,,,,,,,,,,,,8.61878453,8.456843941,7.463672391,8.268212755,8.393194707,7.317073171,6.150583245,5.273749935,5.2183314,5.126154788,,5.015875981,3.777876763,4.842172599,5.488426814,5.861529035,5.44469453,5.024457503,5.547844945,6.084208531,6.687230066,7.190776277,8.656704723,8.804711965,10.61772442,12.05063542,8.560027924,,,,,,,,,,13.35745085,13.8142625,15.46992839,15.05079946,14.31420071,15.58914443,14.2627674,14.84384435,14.50088021,13.77189467,12.41982577,11.80111769,13.51773657,12.6422056,11.76259637,
Sub-Saharan Africa (IDA & IBRD countries),TUV,Taxes on goods and services (% value added of industry and services),GC.TAX.GSRV.VA.ZS,,,,,,,,,,,,,,,,,,,,,,,,,,,,,,,,,,,,,,,,,,,,,,,,,,,,,,,,,,,,,,,,
Trinidad and Tobago,TZA,Taxes on goods and services (% value added of industry and services),GC.TAX.GSRV.VA.ZS,,,,,,,,,,,,,,,,,,,,,,,,,,,,,,,,,,,,,,,,,,,,,,,,,,8.81481043,7.50233485,7.031938017,8.564399576,8.310109788,8.383018268,8.298108218,8.801029906,9.823544294,9.979790894,,8.20282778,8.255376819,8.60499246,8.377566505
Tunisia,UGA,Taxes on goods and services (% value added of industry and services),GC.TAX.GSRV.VA.ZS,,,,,,,,,,,,,,,,,,,,,,,,,,,,,,,,,,,,,,,,,,,,,,,,,,,,,,,,8.299299262,8.437052339,8.982684642,9.122794894,9.450195716,8.557256227,9.433269498,9.771448788,
Turkiye,UKR,Taxes on goods and services (% value added of industry and services),GC.TAX.GSRV.VA.ZS,,,,,,,,,,,,,,,,,,,,,,,,,,,,,,,,,,,,,,,,12.2561979,12.21667316,10.04779661,10.20385116,8.537203675,8.058162132,12.03503854,13.70724929,11.91452109,13.57409251,14.35981019,13.06609681,15.8747572,15.79833791,15.10485793,17.10936873,19.76324193,19.22851209,19.45140857,18.95908687,16.82220442,17.06578762,17.50793318,13.94737044,
Tuvalu,UMC,Taxes on goods and services (% value added of industry and services),GC.TAX.GSRV.VA.ZS,,,,,,,,,,,,,,,,,,,,,,,,,,,,,,,,,,,,,,,,,,,,,,,,,,,,,,,,,,,,,,,,
Tanzania,URY,Taxes on goods and services (% value added of industry and services),GC.TAX.GSRV.VA.ZS,,,,,,,,,,,,,,,,,,,,,,,,9.765462396,9.43422886,10.74564884,11.56313116,11.04282976,10.70327141,10.14154269,9.016540236,9.547578597,10.37015594,9.260875129,9.398897031,9.640721106,9.819443801,12.69012218,12.43883565,11.90945992,9.925923617,12.86043304,13.21242562,14.86882212,16.52760862,16.57451383,17.23582417,16.53645517,15.36630789,13.91217208,13.84504123,12.90685359,12.42477579,11.90515846,11.4655761,10.98360073,10.94554419,10.85566469,10.65619702,10.45977526,11.08509383,,,
Uganda,USA,Taxes on goods and services (% value added of industry and services),GC.TAX.GSRV.VA.ZS,,,,,,,,,,,,,,,,,,,,,,,,,,,,,,,,,,,,,,0.688391048,0.654802321,0.751290934,0.687379059,0.639798164,0.640727589,0.629400497,0.61944076,0.596549189,0.551177916,0.477023868,0.459429434,0.492539473,0.473946846,0.516090164,0.527040589,0.562181157,0.59471908,0.597736295,0.558727661,0.499719965,0.562620756,0.476048497,0.430523368,0.402137445,,
Ukraine,UZB,Taxes on goods and services (% value added of industry and services),GC.TAX.GSRV.VA.ZS,,,,,,,,,,,,,,,,,,,,,,,,,,,,,,,,,,,,,,,,,,,,,,,,,,,,10.43488103,11.0581111,11.51280813,11.6760753,11.18894878,10.49917144,9.257015163,12.97692358,11.44538639,11.15000508,10.3969457,9.516016946,
Upper middle income,VCT,Taxes on goods and services (% value added of industry and services),GC.TAX.GSRV.VA.ZS,,,,,,,,,,,,,,,,,,,,,,,,,,,,,,,4.188150423,3.354016435,3.223892461,2.850507835,2.830396509,3.016681352,3.173797131,3.22500295,2.990782506,3.214752535,5.51707694,5.409154562,5.193769897,5.299911051,5.694475748,5.67147351,6.912788313,11.83831208,15.69216144,15.57651873,14.67600092,13.80723153,14.1371827,13.43223037,12.37343225,13.071231,15.38931884,14.91921217,,,,,,
Uruguay,VEN,Taxes on goods and services (% value added of industry and services),GC.TAX.GSRV.VA.ZS,,,,,,,,,,,,,,,,,,,,,,,,,,,,,,,,,,,,,,,,,,,,,,,,,,,,,,,,,,,,,,,,
United States,VGB,Taxes on goods and services (% value added of industry and services),GC.TAX.GSRV.VA.ZS,,,,,,,,,,,,,,,,,,,,,,,,,,,,,,,,,,,,,,,,,,,,,,,,,,,,,,,,,,,,,,,,
Uzbekistan,VIR,Taxes on goods and services (% value added of industry and services),GC.TAX.GSRV.VA.ZS,,,,,,,,,,,,,,,,,,,,,,,,,,,,,,,,,,,,,,,,,,,,,,,,,,,,,,,,,,,,,,,,
St. Vincent and the Grenadines,VNM,Taxes on goods and services (% value added of industry and services),GC.TAX.GSRV.VA.ZS,,,,,,,,,,,,,,,,,,,,,,,,,,,,,,,,,,,,,,,,,,,,,,,,,,,,,,,,,,,,,,,,
"Venezuela, RB",VUT,Taxes on goods and services (% value added of industry and services),GC.TAX.GSRV.VA.ZS,,,,,,,,,,,,,,,,,,,,,,,,,,,,,,,,,,,,,,,,,,,,,,,,,,14.25304211,16.22587032,17.1980619,17.91772203,19.58930405,20.26622278,17.89627435,17.43817202,18.14912085,19.50027319,,,,,
British Virgin Islands,WLD,Taxes on goods and services (% value added of industry and services),GC.TAX.GSRV.VA.ZS,,,,,,,,,,,,,,,,,,,,,,,,,,,,,,,,,,,,,,,,,,,,,,,,,,,,,,,,,,,,,,,,
Virgin Islands (U.S.),WSM,Taxes on goods and services (% value added of industry and services),GC.TAX.GSRV.VA.ZS,,,,,,,,,,,,,,,,,,,,,,,,,,,,,,,,,,,,,,,,,,,,,,,,,,,,,15.66562526,17.45458082,18.27497921,17.33446157,18.51360791,19.52974851,19.59808452,20.05749553,20.5149955,20.15796,,
Viet Nam,XKX,Taxes on goods and services (% value added of industry and services),GC.TAX.GSRV.VA.ZS,,,,,,,,,,,,,,,,,,,,,,,,,,,,,,,,,,,,,,,,,,,,,,,,,,,,,,,,,,,,,,,,
Vanuatu,YEM,Taxes on goods and services (% value added of industry and services),GC.TAX.GSRV.VA.ZS,,,,,,,,,,,,,,,,,,,,,,,,,,,,,,,,,,,,,,,,,,,,,,,,,,,,,,,,,,,,,,,,
World,ZAF,Taxes on goods and services (% value added of industry and services),GC.TAX.GSRV.VA.ZS,,,,,,,,,,,,,4.655326768,4.328018223,3.665005626,4.18271099,4.594266505,4.817076651,5.780245177,6.038182625,5.803743728,6.024626814,6.748332587,6.822634312,7.989900708,8.543945681,8.089917889,8.427157377,9.066378584,9.95757647,9.331903157,8.855467215,7.840668414,9.20927732,9.327068659,9.10114252,9.070394313,9.225817076,9.344467158,9.397493298,8.946796552,8.933247182,8.601336399,8.98268074,9.832829718,10.22802024,10.49629744,10.44673785,9.553878616,9.024028596,9.940763676,9.758466738,10.23892216,10.40611395,10.74227395,11.26362413,10.89441292,10.68510204,11.05678362,11.11092275,10.51646713,11.30123582,11.06132672,
Samoa,ZMB,Taxes on goods and services (% value added of industry and services),GC.TAX.GSRV.VA.ZS,,,,,,,,,,,,,,,,,,,,,,,,,,,,,,,11.04479001,7.580629678,11.28317414,6.340692481,6.824708863,5.593341318,11.26014978,11.45398022,10.19967581,11.58504331,,,,8.307857783,9.013840494,8.346082603,7.468836039,7.830754181,7.083561899,5.690321773,5.81009304,5.936121932,6.404635591,7.877072809,9.236196244,7.167428934,6.200253213,8.1633228,8.746203839,8.185976333,6.603108124,5.950463621,,
Kosovo,ZWE,Taxes on goods and services (% value added of industry and services),GC.TAX.GSRV.VA.ZS,,,,,,,,,,,,,,,,,,,,,,,,,,,,,,,,,,,,,,,,,,,,,,,,,,3.905195252,7.157119765,8.709907084,9.083156716,,,10.99691398,9.747360335,3.224545095,3.846152576,,,,,
"Yemen, Rep.",,,,,,,,,,,,,,,,,,,,,,,,,,,,,,,,,,,,,,,,,,,,,,,,,,,,,,,,,,,,,,,,,,,
South Africa,,,,,,,,,,,,,,,,,,,,,,,,,,,,,,,,,,,,,,,,,,,,,,,,,,,,,,,,,,,,,,,,,,,
Zambia,,,,,,,,,,,,,,,,,,,,,,,,,,,,,,,,,,,,,,,,,,,,,,,,,,,,,,,,,,,,,,,,,,,
Zimbabwe,,,,,,,,,,,,,,,,,,,,,,,,,,,,,,,,,,,,,,,,,,,,,,,,,,,,,,,,,,,,,,,,,,,
