country,year,unemployment_percentage_change,inflation_percentage_change
Australia,1990,0.0,-2.666355296565881
Australia,1991,0.0,-56.67986007960064
Australia,1992,11.96536615898185,-68.13551880184723
Australia,1993,1.3602906922575153,73.2463466056269
Australia,1994,-10.616784630940334,12.316079474870255
Australia,1995,-12.86507610037021,134.95556674002037
Australia,1996,0.4248790274991032,-43.48494984600131
Australia,1997,-1.6688212480902465,-91.40135815167667
Australia,1998,-8.16302139356998,282.47319918404025
Australia,1999,-10.515356585111924,72.42991402404061
Australia,2000,-8.551483420593364,200.54256486208985
Australia,2001,7.299618320610679,-1.128446838370023
Australia,2002,-5.513561582925741,-32.34665391246496
Australia,2003,-6.933333333333335,-8.350573488714652
Australia,2004,-9.000505646384626,-14.248017117946654
Australia,2005,-6.723467308760888,14.875735868678165
Australia,2006,-4.984114376489268,32.07689616899423
Australia,2007,-8.443051201671892,-34.53100111204866
Australia,2008,-3.172791600091307,86.8997014475298
Australia,2009,31.188118811881196,-59.28745704131042
Australia,2010,-6.307277628032349,64.77396769808057
Australia,2011,-2.512466436517069,13.209911300030974
Australia,2012,2.7936258115286217,-46.64466992249391
Australia,2013,8.382775119617246,38.97868277341783
Australia,2014,7.328271234328088,1.5524813399059312
Australia,2015,-0.3784139519578899,-39.37244437021205
Australia,2016,-5.681255161023935,-15.339490962331103
Australia,2017,-2.083698126422706,52.5968070979548
Australia,2018,-5.221745350500717,-1.9114009454955336
Australia,2019,-2.660377358490562,-15.728414906548249
Australia,2020,25.14053111068037,-47.42224803486628
Australia,2021,-20.75588599752169,238.16173078108
Australia,2022,-27.658326817826417,130.24800853914417
Australia,2023,-0.9186706295595816,-15.120824449454808
Austria,1990,0.0,27.00272512494792
Austria,1991,0.0,2.3162990028733788
Austria,1992,4.970760233918137,20.477474348738838
Austria,1993,18.38440111420614,-9.67613225748063
Austria,1994,-16.823529411764703,-18.67885446108876
Austria,1995,23.14002828854313,-24.041470874077632
Austria,1996,21.548357454629,-17.04559591731233
Austria,1997,-2.5326025326025348,-29.82273978907093
Austria,1998,6.5154159394997135,-29.365824464691137
Austria,1999,-14.309120699071553,-38.318265641265945
Austria,2000,-0.2761844062035279,312.10694986770744
Austria,2001,-14.52918619514274,13.013039055971998
Austria,2002,21.13659022931209,-31.68462830482352
Austria,2003,-1.5432098765432167,-25.12233490001693
Austria,2004,24.74399164054337,52.05640073978064
Austria,2005,-4.808175573797957,11.543322463743056
Austria,2006,-6.370996128123895,-37.30047516559182
Austria,2007,-7.725563909774447,50.43234906438747
Austria,2008,-14.483601548176804,48.299208684966665
Austria,2009,27.941877084325878,-84.25632314771707
Austria,2010,-9.08583131632844,258.1873926954321
Austria,2011,-5.037886545156677,81.22507999420954
Austria,2012,5.86586154841493,-24.368910368207292
Austria,2013,9.32980240374821,-19.532695606088225
Austria,2014,5.7201416061114285,-19.71567746118328
Austria,2015,2.2559041240747035,-44.16759683480473
Austria,2016,4.515684246811458,-0.5545154263976171
Austria,2017,-8.294854881266488,133.43297052681464
Austria,2018,-11.29293292573278,-3.982632492954963
Austria,2019,-7.561321710926416,-23.39315923454379
Austria,2020,14.05701754385964,-9.731885303779574
Austria,2021,24.18765621995771,100.20590325669347
Austria,2022,-22.71249419414769,208.9230095531418
Austria,2023,5.028044871794868,-8.57314745432819
Belgium,1990,0.0,10.983455608944292
Belgium,1991,0.0,-6.756971957219948
Belgium,1992,-4.03780068728522,-24.48768085504576
Belgium,1993,20.53118472097881,13.446323043083977
Belgium,1994,19.398365932161425,-13.682906365223
Belgium,1995,-3.1933644375323977,-38.25691810564879
Belgium,1996,1.5636714148013375,41.48963067521729
Belgium,1997,-5.620584203311196,-21.61078597703242
Belgium,1998,4.167597765363151,-41.697990406037945
Belgium,1999,-7.229432586077456,18.07720768371261
Belgium,2000,-23.85246849346744,127.01715404585272
Belgium,2001,-6.194959003947775,-2.9577129357841736
Belgium,2002,11.848494658465537,-33.37212198605404
Belgium,2003,11.143270622286527,-3.419029355640879
Belgium,2004,-4.127604166666654,31.990599661162868
Belgium,2005,14.62719000407442,32.620752109503485
Belgium,2006,-2.298578199052126,-35.60125536845781
Belgium,2007,-9.544021343681797,1.7780517012192076
Belgium,2008,-6.475398847030434,146.25921892812636
Belgium,2009,13.360091743119272,-101.18379183643292
Belgium,2010,4.868487607486083,-4219.4306878110165
Belgium,2011,-13.903291932955495,61.33391454884938
Belgium,2012,5.630252100840338,-19.603696970343385
Belgium,2013,11.707769822328306,-60.801835644582944
Belgium,2014,1.1632047477744711,-69.45431020079006
Belgium,2015,-0.4810512730259342,65.1248455920954
Belgium,2016,-7.686866305116712,251.57644316343507
Belgium,2017,-9.50191570881226,7.706665096363685
Belgium,2018,-16.059836296923514,-3.4245935525193394
Belgium,2019,-9.885675857431076,-30.01928385201349
Belgium,2020,3.6380597014925353,-48.44225207762168
Belgium,2021,12.763276327632768,229.4108373595253
Belgium,2022,-11.270753512132824,293.3005874498821
Belgium,2023,-0.8996041741633598,-57.811869468568176
Canada,1990,0.0,-4.076251591237289
Canada,1991,0.0,17.684159234494512
Canada,1992,8.540131834044185,-73.51281720956953
Canada,1993,1.607573457176037,25.1619476352426
Canada,1994,-8.631449415487392,-91.12300971706904
Canada,1995,-8.71572871572871,1197.8512391972033
Canada,1996,1.3805458952471206,-26.909897658567672
Canada,1997,-5.39501039501038,3.227268482183065
Canada,1998,-9.031974508295804,-38.56819677668925
Canada,1999,-8.406812416958564,74.19108290912033
Canada,2000,-9.943294210734544,56.75424426357771
Canada,2001,5.710938644018171,-7.145582181353538
Canada,2002,6.178141016761329,-10.562892702602255
Canada,2003,-1.187214611872145,22.147097203515976
Canada,2004,-5.135991550039609,-32.67296868260203
Canada,2005,-5.942936673625598,19.183827829428
Canada,2006,-4.054453980467598,-9.555982229058367
Canada,2007,-5.058605798889582,6.811032384531779
Canada,2008,2.079272254710851,10.84401500193981
Canada,2009,34.627625716104404,-87.3657128578219
Canada,2010,-3.3333333333333326,493.3450797215744
Canada,2011,-6.615309366593314,63.891143608563205
Canada,2012,-3.208065994500453,-47.95302468195355
Canada,2013,-3.368506493506496,-38.09425517836048
Canada,2014,-1.679966400671984,103.202853084851
Canada,2015,-1.110636480136684,-40.9828925979626
Canada,2016,1.3390928725701912,26.97360730948104
Canada,2017,-8.695652173913048,11.767171204770952
Canada,2018,-9.165888577653291,42.04071734499652
Canada,2019,-2.5184169950316804,-14.061945067342483
Canada,2020,69.71880492091387,-63.21699964591444
Canada,2021,-22.056539297918608,373.52788390273537
Canada,2022,-29.85253088880032,100.36565763193823
Canada,2023,1.628787878787863,-42.97934761345508
Chile,1990,0.0,52.9044977840953
Chile,1991,0.0,-16.331195783087292
Chile,1992,-16.826003824091796,-29.188787994315437
Chile,1993,3.218390804597715,-17.490427649582717
Chile,1994,30.734966592427604,-10.093265496191371
Chile,1995,-19.93185689948892,-28.05606687688184
Chile,1996,57.74468085106381,-10.610369794569165
Chile,1997,-3.7496628001079,-16.649457235255806
Chile,1998,2.3963004484304884,-16.687930993085665
Chile,1999,52.70288764198712,-34.70222646436339
Chile,2000,-5.977773794586838,15.175670302776243
Chile,2001,-0.962729959012476,-7.133826560526546
Chile,2002,-2.136669874879704,-30.25138557809129
Chile,2003,-3.963414634146334,12.885869133043348
Chile,2004,4.065540194572459,-62.46720208197773
Chile,2005,-8.088958866364893,189.4153948728576
Chile,2006,-3.383297644539618,11.119824672787026
Chile,2007,-6.615691489361697,29.946251627899613
Chile,2008,10.181559273762918,97.7464936729979
Chile,2009,21.841680129240725,-95.94958360123896
Chile,2010,-24.449748077433043,299.5837269302684
Chile,2011,-12.343512343512351,136.84629619553283
Chile,2012,-9.369994660971702,-9.989430398982623
Chile,2013,-6.3181148748159055,-40.495885521762645
Chile,2014,6.288319446627888,163.6786159204648
Chile,2015,-2.3073509835823014,-7.839101551365724
Chile,2016,4.859954579863746,-12.936520351320056
Chile,2017,5.255558764077395,-42.350584168853366
Chile,2018,4.897119341563783,11.553086143790717
Chile,2019,-1.4907806983130656,5.03739193021242
Chile,2020,46.103809903093065,19.078692158348037
Chile,2021,-15.273487188806111,48.56614610979124
Chile,2022,-11.002680965147448,157.3475683061634
Chile,2023,8.89263766718884,-34.886900521725394
Colombia,1990,0.0,12.697285841867089
Colombia,1991,0.0,4.2391425877158495
Colombia,1992,-6.719367588932801,-11.113642951495528
Colombia,1993,-17.3728813559322,-16.912394644771112
Colombia,1994,5.769230769230771,1.7990830724863516
Colombia,1995,5.696969696969712,-8.554793215144551
Colombia,1996,35.43577981651376,-0.4509785728290749
Colombia,1997,2.794242167654537,-11.191466999991672
Colombia,1998,23.558484349258645,1.1205088074582426
Colombia,1999,33.73333333333333,-41.78027105691707
Colombia,2000,2.293120638085755,-15.158969449432636
Colombia,2001,-26.7056530214425,-13.655715292261815
Colombia,2002,-3.7167553191489344,-20.26289968346251
Colombia,2003,-8.701056556867615,12.2534904820218
Colombia,2004,3.7516072914303145,-17.192214773580496
Colombia,2005,-19.35554421520741,-14.44779015067218
Colombia,2006,0.2621587416380411,-14.998872444492283
Colombia,2007,1.0188441078351929,29.136682704934923
Colombia,2008,0.615851481613694,26.19767810497833
Colombia,2009,7.034507229663811,-39.93732012992096
Colombia,2010,-7.566716393170891,-45.93710177105661
Colombia,2011,-7.755760781852416,50.30942000212668
Colombia,2012,-3.1979004665629973,-7.195582817612268
Colombia,2013,-7.1593533487297805,-36.35846901688402
Colombia,2014,-4.83452303698898,43.72082431454351
Colombia,2015,-2.5798386180247768,72.13212218141163
Colombia,2016,4.08306112925807,50.57544049269011
Colombia,2017,1.8381528805200495,-42.57887689900476
Colombia,2018,3.015628439357254,-24.887945404934243
Colombia,2019,9.82905982905984,8.716060954855752
Colombia,2020,55.47665369649808,-28.28211353721024
Colombia,2021,-13.045110429831697,38.3285505273502
Colombia,2022,-24.11138293279608,191.18923321061143
Colombia,2023,-9.31070446572486,15.315296335481252
Costa Rica,1990,0.0,15.323883669671368
Costa Rica,1991,0.0,50.786052123011125
Costa Rica,1992,-26.81564245810055,-24.09715548475413
Costa Rica,1993,0.5089058524172962,-55.12585452742024
Costa Rica,1994,2.5316455696202445,38.40905289363627
Costa Rica,1995,27.901234567901238,71.31443112063695
Costa Rica,1996,18.918918918918926,-24.475647866602312
Costa Rica,1997,-7.792207792207795,-24.34640076184017
Costa Rica,1998,-6.161971830985912,-11.992293355956274
Costa Rica,1999,10.694183864915583,-13.843181596144872
Costa Rica,2000,-13.898305084745765,9.121376130881307
Costa Rica,2001,19.11417322834645,2.68270508387225
Costa Rica,2002,5.701536936043627,-18.551585970946405
Costa Rica,2003,4.03377110694183,3.0549201548907057
Costa Rica,2004,-3.1409678388938933,30.34887056795863
Costa Rica,2005,4.716834755624499,12.046302665454078
Costa Rica,2006,-12.194399170247438,-16.869461880489688
Costa Rica,2007,-23.10158623017212,-18.424082730879288
Costa Rica,2008,8.272986614000445,43.46598999504359
Costa Rica,2009,58.57316578840697,-41.57903108910449
Costa Rica,2010,-8.346114519427395,-27.795837235439446
Costa Rica,2011,32.729047552642584,-13.858245415776691
Costa Rica,2012,-4.286614835049396,-7.842257042520373
Costa Rica,2013,-9.79143798024149,16.36949545302613
Costa Rica,2014,3.419323436359223,-13.61287322530458
Costa Rica,2015,-0.9883515707730496,-82.25389825188313
Costa Rica,2016,-3.9215686274509554,-102.17945675726229
Costa Rica,2017,-4.403215831787266,-9402.138510134331
Costa Rica,2018,16.57394229525164,36.60773406015312
Costa Rica,2019,19.94450610432854,-5.630878350687885
Costa Rica,2020,52.04959748311278,-65.41529356149692
Costa Rica,2021,-7.868792599805252,138.1639142703711
Costa Rica,2022,-25.19320959112227,379.2865622380745
Costa Rica,2023,-26.67549668874172,-93.6530779964412
Czechia,1990,0.0,0.0
Czechia,1991,0.0,0.0
Czechia,1992,14.537444933920709,0.0
Czechia,1993,67.26923076923077,87.73309347933824
Czechia,1994,-1.4945964589560878,-51.76372656029968
Czechia,1995,-4.691876750700274,-10.447866479636648
Czechia,1996,-5.65760470242469,-2.577701766038909
Czechia,1997,21.33956386292837,-1.856630259727732
Czechia,1998,38.10440735986307,24.455218121724357
Czechia,1999,34.81022463206816,-80.03948885451851
Czechia,2000,0.7124798896805284,76.79604031686003
Czechia,2001,-7.256960292104053,23.50188137946368
Czechia,2002,-10.42076771653544,-59.18693159258344
Czechia,2003,6.812251064414232,-93.76035767714482
Czechia,2004,6.699241352706697,2224.51261043467
Czechia,2005,-4.470956857074004,-32.7164729014642
Czechia,2006,-9.915478743534743,36.44905824730162
Czechia,2007,-25.556644727629184,12.594030114412536
Czechia,2008,-17.362678705793833,122.8666883365714
Czechia,2009,51.65035283405419,-83.96868611485051
Czechia,2010,9.291504052836984,44.473218741401645
Czechia,2011,-7.814860596071971,30.181546247497227
Czechia,2012,3.977949940405257,71.4787321004499
Czechia,2013,-0.372546210058744,-56.25113210590913
Czechia,2014,-12.153027470156774,-76.08363352984227
Czechia,2015,-17.354289456450555,-10.06546234571326
Czechia,2016,-21.71156893819335,120.93811764106852
Czechia,2017,-26.79655870445344,258.5250760321214
Czechia,2018,-22.3643276875216,-12.284630119096253
Czechia,2019,-10.284951024042732,32.49046992759412
Czechia,2020,26.60049627791563,11.005371389491758
Czechia,2021,9.87847902783221,21.46429133715042
Czechia,2022,-20.65643952907597,293.2493494987935
Czechia,2023,16.591726618705028,-29.396400409567715
Denmark,1990,0.0,-44.65208164553387
Denmark,1991,0.0,-9.329552587163404
Denmark,1992,-0.7912957467853698,-12.488089421124936
Denmark,1993,18.74376869391825,-39.98902587193204
Denmark,1994,-25.03031999253662,58.365787587183625
Denmark,1995,-12.991538078646093,4.598047838240826
Denmark,1996,-2.116704805491987,2.0488302172462447
Denmark,1997,-21.098772647574517,2.6275129542365327
Denmark,1998,-6.685185185185194,-15.421165890638832
Denmark,1999,2.0440563603889794,35.3340987144906
Denmark,2000,-12.952158693115525,16.233778829808763
Denmark,2001,-6.970509383378021,-19.47492605844089
Denmark,2002,2.6416906820365016,3.702798226116766
Denmark,2003,26.29854936827327,-14.409879980809324
Denmark,2004,-3.593923675435351,-44.370437332808656
Denmark,2005,-7.186779400461174,57.47422085691105
Denmark,2006,-19.316770186335408,5.853556407518368
Denmark,2007,-2.4634334103156186,-12.00254423947169
Denmark,2008,-3.10444619836886,101.7561458993142
Denmark,2009,74.01574803149606,-61.80891160269275
Denmark,2010,20.87689187080668,77.12169979608726
Denmark,2011,0.2839808958306378,19.375705099340838
Denmark,2012,0.3732784142103318,-13.077526509675852
Denmark,2013,-5.309053603488067,-67.09341961427282
Denmark,2014,-6.216143011917663,-28.521009837660134
Denmark,2015,-9.342960288808666,-19.85501910976505
Denmark,2016,-4.603376871615161,-44.69444448217512
Denmark,2017,-2.604775421606276,358.85286799999994
Denmark,2018,-12.034973427052975,-29.0744790986029
Denmark,2019,-2.202299746638092,-6.818737520909401
Denmark,2020,12.335591869270624,-44.50673352974841
Denmark,2021,-10.537519957424156,340.4546470075036
Denmark,2022,-12.076145151695416,315.34691124465894
Denmark,2023,15.967523680649531,-57.05646280439791
Estonia,1990,0.0,0.0
Estonia,1991,0.0,0.0
Estonia,1992,150.7493188010899,0.0
Estonia,1993,77.77777777777777,0.0
Estonia,1994,15.540953545232284,-46.93947616693872
Estonia,1995,27.747652426927672,-39.61431005928541
Estonia,1996,2.650377885909494,-19.899041720882515
Estonia,1997,4.578920827029753,-54.09231537542368
Estonia,1998,-8.284308997974732,-22.43028494940453
Estonia,1999,21.692954784437447,-59.8443342481155
Estonia,2000,15.441112935280389,21.91608991850007
Estonia,2001,-1.6841317365269393,43.045783278482006
Estonia,2002,-23.66958507803578,-37.86118950861784
Estonia,2003,12.5872730899661,-62.62531376389725
Estonia,2004,-9.213323883770386,128.324438012292
Estonia,2005,-21.61397345823576,33.844014591889504
Estonia,2006,-26.36623926303996,8.772825047222588
Estonia,2007,-22.36686390532545,48.75823978315095
Estonia,2008,18.793554006968648,56.97388647883916
Estonia,2009,148.35930339138406,-100.75666475500076
Estonia,2010,23.31709477413641,-3890.472058504105
Estonia,2011,-26.210570419584613,67.6253594359967
Estonia,2012,-18.71349772874755,-21.046210587172176
Estonia,2013,-13.870871170541864,-29.308824940819843
Estonia,2014,-14.81867686247248,-103.81847165185135
Estonia,2015,-12.785636561479874,363.6923243440388
Estonia,2016,7.330006238303177,-130.2004984270514
Estonia,2017,-15.620459168846256,2198.306896756462
Estonia,2018,-6.802135353883254,0.5586793484948283
Estonia,2019,-16.592756836659273,-33.729840353569806
Estonia,2020,54.0983606557377,-119.52044265040642
Estonia,2021,-11.184588844163324,-1146.7584290357115
Estonia,2022,-9.825186144383302,316.8830498074448
Estonia,2023,13.89337641357027,-52.783272984743945
Finland,1990,0.0,-6.7245647720754365
Finland,1991,0.0,-29.91028342134633
Finland,1992,78.30232200522835,-32.269628853957364
Finland,1993,39.72401897369555,-24.9602373162114
Finland,1994,1.388803160298724,-50.30903211938619
Finland,1995,3.524899549494709,-27.312986842314224
Finland,1996,-8.426933254925018,-20.47991639021083
Finland,1997,-3.878756742871814,89.53746903193986
Finland,1998,-11.7116515232496,17.350502641951838
Finland,1999,-11.517215285660232,-16.95224529200292
Finland,2000,-4.772085863337039,161.7465330964164
Finland,2001,-7.5797036371800575,-15.241441208427386
Finland,2002,1.2826741813234843,-39.06316843145549
Finland,2003,0.4413316703444137,-44.155476984826414
Finland,2004,-1.0602731875059557,-78.67427098346485
Finland,2005,-19.057733153118363,233.40775237850804
Finland,2006,-7.9317748091603075,151.11844330217403
Finland,2007,-11.206114781707477,60.255546900497215
Finland,2008,-7.076159906623869,61.94723302806391
Finland,2009,29.53367875647668,-100.00002255313514
Finland,2010,1.745454545454539,-129131532.06106871
Finland,2011,-7.302835358589476,188.5487612110844
Finland,2012,-1.1823673049736527,-17.808182326410883
Finland,2013,6.554818571985943,-47.36078453449398
Finland,2014,5.736604418405955,-29.56734343552404
Finland,2015,8.230405171418663,-119.97018790537052
Finland,2016,-5.951365187713309,-271.54162020044936
Finland,2017,-2.018598321614873,111.39551757534876
Finland,2018,-14.803240740740751,43.739967565925774
Finland,2019,-9.047683738622458,-5.5107859029974176
Finland,2020,15.892457057505592,-71.62813414976496
Finland,2021,-1.9719035958242093,655.3054246377055
Finland,2022,-11.661845911122793,224.59633097602776
Finland,2023,6.489060872153596,-12.253296321367246
France,1990,0.0,-8.690467804401447
France,1991,0.0,0.5986927809767506
France,1992,11.703525290124794,-26.44068352786264
France,1993,10.957561501519164,-10.969711020164397
France,1994,11.23575655860789,-21.333113998812586
France,1995,-6.027157944890016,8.514937284522105
France,1996,4.503971607233415,10.375962023377916
France,1997,1.6091210479501905,-39.28322827247922
France,1998,-3.915327073054276,-45.91713225213149
France,1999,-0.7702501242338955,-17.505840198257637
France,2000,-14.714965361822884,212.0145163424949
France,2001,-15.736934820904292,-2.4570452025383216
France,2002,1.068524970963991,17.65566936452787
France,2003,-4.539186393932426,9.10152779948421
France,2004,7.3070904056819375,2.078533858445586
France,2005,-0.3589858649315713,-18.49690477426452
France,2006,-0.551677550101326,-4.052128381353515
France,2007,-9.328653911468354,-11.170897234613664
France,2008,-7.778748907479094,89.03666776285985
France,2009,23.50392634714325,-96.88500610450684
France,2010,1.721113790835349,1647.4484720341288
France,2011,-0.5496281926931745,37.91173930629663
France,2012,6.642826181187678,-7.454195333487412
France,2013,0.7316329641296804,-55.80198709267605
France,2014,3.631594875416111,-41.2122598036327
France,2015,0.7884746422661237,-92.6117717111535
France,2016,-2.868456635116856,388.705547347296
France,2017,-6.433330018892313,463.0586269132962
France,2018,-4.1657810839532345,79.29342335780247
France,2019,-6.686626746507008,-40.12071042755815
France,2020,-4.812834224598928,-57.00458052465607
France,2021,-1.6978776529338324,244.6663931423986
France,2022,-7.188214376428748,217.98499695015883
France,2023,0.2052545155993401,-6.587246494122823
Germany,1990,0.0,-3.0246074160786063
Germany,1991,0.0,50.08641798419282
Germany,1992,18.94281414597443,24.9552071683115
Germany,1993,21.38225525857977,-11.516788540518464
Germany,1994,13.70684039087948,-39.81427305611733
Germany,1995,-6.519995416523439,-36.64594571307379
Germany,1996,8.13924981613141,-15.02985247143933
Germany,1997,11.777374744955814,33.77497709879202
Germany,1998,-0.7504309907717222,-53.0165672099949
Germany,1999,-9.533054051292543,-35.75025870062502
Germany,2000,-10.582787440704756,146.01760227878077
Germany,2001,-1.818870784388027,37.74219658686433
Germany,2002,9.121317380676697,-28.38163578148425
Germany,2003,15.291204904503664,-27.208776395532453
Germany,2004,9.694242765108909,61.061809497867415
Germany,2005,4.101799198284706,-7.133528363364949
Germany,2006,-8.211695173278411,1.97265887180742
Germany,2007,-15.531707317073174,45.70213648024413
Germany,2008,-13.086163086163072,14.359721956104888
Germany,2009,2.8837209302325477,-88.10145302835485
Germany,2010,-10.010333247222947,252.94937737012123
Germany,2011,-16.391560212430022,88.00084492410892
Germany,2012,-7.656652360515038,-3.2134185553625016
Germany,2013,-2.751440788250603,-25.081819373885807
Germany,2014,-4.779200917606574,-39.73682748236139
Germany,2015,-7.167235494880552,-43.26979038238012
Germany,2016,-10.856401384083036,-4.408626889033817
Germany,2017,-9.121785540999516,206.96574182307987
Germany,2018,-9.663641217298458,14.751553928950775
Germany,2019,-7.328605200945615,-16.54047973446986
Germany,2020,22.959183673469383,-89.97842167938201
Germany,2021,-5.653526970954359,2016.7245774901555
Germany,2022,-13.826278174821338,124.10568647564068
Germany,2023,-2.8708133971291794,-13.475848451878802
Greece,1990,0.0,49.63497153633101
Greece,1991,0.0,-4.784562177711127
Greece,1992,17.894875858425774,-18.394326909349388
Greece,1993,14.002464433740336,-9.2322386945334
Greece,1994,-3.625822934067013,-24.54461074339983
Greece,1995,3.1504893964110936,-17.836564477542794
Greece,1996,2.817040624691103,-8.2820617970793
Greece,1997,0.6729475100942128,-32.44288950635147
Greece,1998,16.758976317799856,-13.904923645531742
Greece,1999,-0.7278972765191849,-44.68090240201138
Greece,2000,-6.533201515900466,19.515364985979524
Greece,2001,-5.121198765976209,7.06994148583866
Greece,2002,-3.8833147528799623,7.569436717432221
Greece,2003,-4.900444616276822,-2.719721268753428
Greece,2004,8.019107632889511,-17.89478198780694
Greece,2005,-5.2126458411742576,22.292462416937365
Greece,2006,-11.59420289855072,-9.848201103184527
Greece,2007,-6.231753873792945,-9.416415258829392
Greece,2008,-8.226559693449897,43.44706283858135
Greece,2009,24.556367432150303,-70.86126125602523
Greece,2010,33.23905300649488,289.47983118356325
Greece,2011,41.30827895274785,-29.347316980987912
Greece,2012,37.60084571301399,-54.90711282201814
Greece,2013,11.948566576361651,-161.35550524999496
Greece,2014,-3.53247128512606,42.44051599696259
Greece,2015,-6.466227347611186,32.282228582698295
Greece,2016,-5.872463071934675,-52.43621966570509
Greece,2017,-8.930849706557787,-235.80198846931492
Greece,2018,-10.437097226113767,-44.20344338946344
Greece,2019,-11.126753219667329,-59.55900537566799
Greece,2020,-6.723379290114417,-593.2594675979634
Greece,2021,-7.811812063651802,-198.06419356378123
Greece,2022,-15.221395920038203,688.1240973331636
Greece,2023,-11.500080476420417,-64.07767802864058
Hungary,1990,0.0,65.42858591491871
Hungary,1991,0.0,22.72835478663513
Hungary,1992,16.96470588235295,-32.05804085271679
Hungary,1993,21.685777509555425,-5.0367781268679686
Hungary,1994,-10.3405521573814,-16.008378128312284
Hungary,1995,-6.259795335115703,50.01778604866569
Hungary,1996,-1.4358772619984197,-17.086585944382303
Hungary,1997,-10.287367790860111,-22.003277247477943
Hungary,1998,-0.7340674007340509,-22.67832769765834
Hungary,1999,-22.36414565826331,-29.363482570902843
Hungary,2000,-5.282147496031186,-1.941777286897384
Hungary,2001,-13.591345421301227,-7.005593247390984
Hungary,2002,-1.1109151825075103,-42.24461488195925
Hungary,2003,3.2453637660485146,-11.479198772923604
Hungary,2004,0.7253886010362587,44.69689490073552
Hungary,2005,23.26817558299039,-47.19255664444335
Hungary,2006,4.242592850187776,10.355388229084904
Hungary,2007,-1.1742727515345663,102.49580029879444
Hungary,2008,5.549554415338931,-24.07706976756807
Hungary,2009,28.31009338620953,-30.29866823086456
Hungary,2010,11.385842472582276,15.287044532643469
Hungary,2011,-1.2799856784819208,-19.063452155185555
Hungary,2012,-0.2357421343730181,43.8233793203622
Hungary,2013,-7.507043533581759,-69.33553902874445
Hungary,2014,-24.09354426648325,-113.12983445042416
Hungary,2015,-11.805825242718448,-72.9113283224648
Hungary,2016,-24.92294143549096,-740.3947704814107
Hungary,2017,-18.748778103616825,494.8392568422245
Hungary,2018,-10.755534167468715,21.377904850156536
Hungary,2019,-7.818819088703155,17.133191240852064
Hungary,2020,24.30535244223457,-0.3547158810438211
Hungary,2021,-4.823529411764705,53.63266792270125
Hungary,2022,-10.778739184178,185.8196635426061
Hungary,2023,14.325297866445007,17.228896625159564
Iceland,1990,0.0,-25.279042963110644
Iceland,1991,0.0,-56.10275986256652
Iceland,1992,68.95604395604393,-42.020267684478
Iceland,1993,22.113821138211385,2.4100326617360945
Iceland,1994,1.3125356667300636,-61.59503426960071
Iceland,1995,-2.440856177243711,6.348811877245675
Iceland,1996,-30.71593533487298,36.89291789982634
Iceland,1997,3.333333333333344,-19.68609285918389
Iceland,1998,-17.500000000000004,-8.603417587819784
Iceland,1999,-29.032258064516125,94.77768606720956
Iceland,2000,-11.111111111111116,58.93370274487504
Iceland,2001,-3.2024793388429678,24.69816756875005
Iceland,2002,59.44503735325506,-18.861000391728734
Iceland,2003,33.768406961178044,-60.44536316096032
Iceland,2004,0.8506379784838591,53.63378069125795
Iceland,2005,-36.814686182088806,26.244581038133784
Iceland,2006,11.111111111111116,67.72006129543726
Iceland,2007,-20.459363957597176,-24.457938676672697
Iceland,2008,30.87516659262553,151.29664700937232
Iceland,2009,145.07807196198232,-5.445430595212287
Iceland,2010,4.764542936288096,-55.03896734067239
Iceland,2011,-7.086197778952941,-25.86203490339084
Iceland,2012,-14.62720546385885,29.614230314436817
Iceland,2013,-10.4,-25.330621095090443
Iceland,2014,-8.909970238095244,-47.19867318804106
Iceland,2015,-18.74617112517868,-20.1289372443484
Iceland,2016,-25.157074641869816,3.9111980451869366
Iceland,2017,-7.924781732706521,3.741348260923472
Iceland,2018,-1.3858497447118867,52.402517632325086
Iceland,2019,29.69674556213018,12.33933158283933
Iceland,2020,56.20188195038494,-5.5092677854763465
Iceland,2021,10.058415480102225,56.05190583007884
Iceland,2022,-37.153756841930665,86.9556026030929
Iceland,2023,-5.991026656109799,5.145751403560794
Ireland,1990,0.0,-18.872948052778927
Ireland,1991,0.0,-3.210971847247968
Ireland,1992,-4.755564009891577,-4.385554322105434
Ireland,1993,3.661540509952732,-52.136289128096
Ireland,1994,-6.595594374157088,57.15108216409768
Ireland,1995,-17.69801980198019,9.339267370765224
Ireland,1996,-2.322472848788637,-30.46182406017367
Ireland,1997,-12.82928498118372,-12.1852951335927
Ireland,1998,-24.46036106750393,56.16018847317339
Ireland,1999,-24.61358618002337,-32.30473267711142
Ireland,2000,-25.603032391454185,242.2099779402247
Ireland,2001,-14.682723483094016,-12.995296429790958
Ireland,2002,14.440825190010864,-4.628205130963236
Ireland,2003,6.2144212523719045,-24.544850662029692
Ireland,2004,0.2903081732916535,-37.61714256088751
Ireland,2005,-3.295479848586058,12.760844376309644
Ireland,2006,1.6578402026249162,60.215182276291856
Ireland,2007,12.797281993205,24.137243120399333
Ireland,2008,36.02409638554216,-17.398717304214816
Ireland,2009,86.13817537643934,-210.2054094464964
Ireland,2010,15.266872868585946,-79.35066966013798
Ireland,2011,5.641943030136232,-377.5489784066309
Ireland,2012,0.6317571968216917,-33.512922975050095
Ireland,2013,-11.106077276551684,-69.60600857346142
Ireland,2014,-13.665817255187472,-62.93601438953099
Ireland,2015,-16.444594366672295,-273.35325028836314
Ireland,2016,-15.482438433589008,-106.08073096301251
Ireland,2017,-19.835204203486988,1699.6377897212658
Ireland,2018,-14.479368389691649,30.084425003497905
Ireland,2019,-13.778087441212328,99.06215687733744
Ireland,2020,13.595959595959606,-134.78019930460405
Ireland,2021,10.154721678819122,-817.4918567577133
Ireland,2022,-27.68808524378431,234.54342404426583
Ireland,2023,-3.1033712882339914,-19.54199913055431
Israel,1990,0.0,-15.566462048114447
Israel,1991,0.0,11.3428262117115
Israel,1992,5.17666392769105,-37.2065336612304
Israel,1993,-9.509943181818182,-9.08708321571875
Israel,1994,-22.03123773644141,12.373790439600027
Israel,1995,-11.596537145158036,-19.09543379156835
Israel,1996,-3.723525392849014,14.954988142139891
Israel,1997,15.328208160851563,-21.43456122021854
Israel,1998,10.234847707927395,-38.771900430828445
Israel,1999,4.037584891617807,-5.66064004035427
Israel,2000,-0.7243136904229619,-80.06878551793235
Israel,2001,6.395244100162123,11.492362277517664
Israel,2002,9.109380291229275,401.3704996622781
Israel,2003,4.787399130974568,-87.82549253525785
Israel,2004,-3.524620510921883,-154.30586216935157
Israel,2005,-12.948038989945498,-444.17062822641833
Israel,2006,-5.598659848351262,57.1031402644431
Israel,2007,-12.40310077519381,-77.94208193301583
Israel,2008,-17.85904680669581,900.0990021432696
Israel,2009,23.753894080996908,-26.27284486043752
Israel,2010,-11.055170967065242,-19.80848719477556
Israel,2011,-15.81367924528302,29.486065328207523
Israel,2012,-5.280851659896357,-51.81544698087159
Israel,2013,-9.24282756580893,-6.4882881867882265
Israel,2014,-5.670523056868171,-69.44530402860734
Israel,2015,-10.5890481948523,-225.3246349996723
Israel,2016,-8.75193199381763,-8.271977032911115
Israel,2017,-12.343849248359096,-147.03360861194622
Israel,2018,-5.386473429951688,206.10247538716683
Israel,2019,-4.748532039826392,7.015385410503594
Israel,2020,11.73948003216294,-172.3022542758698
Israel,2021,15.423362916766624,-345.79591496432755
Israel,2022,-23.212801330008325,190.9280407411764
Israel,2023,-8.281461434370774,-3.8293124985736338
Italy,1990,0.0,3.143498108091225
Italy,1991,0.0,-3.199973252957033
Italy,1992,-7.685451124096265,-15.670550752116252
Italy,1993,9.55906018667525,-12.216000575082496
Italy,1994,8.558558558558559,-12.425447780965836
Italy,1995,5.186721991701249,29.21092051783447
Italy,1996,1.740845553554604,-23.464121018479467
Italy,1997,1.01989211058664,-49.01123824606027
Italy,1998,1.1013767209011371,-4.308251433730758
Italy,1999,-3.5982503920112374,-14.916258931616069
Italy,2000,-7.251091516137309,52.55463896200207
Italy,2001,-11.3992985047074,9.75219834989145
Italy,2002,-4.042087717470566,-11.483778733549531
Italy,2003,-3.712951905330586,8.405889202376038
Italy,2004,-11.309054008343669,-17.429718826032946
Italy,2005,-1.7162471395881007,-10.034891685537596
Italy,2006,-12.339930151338764,5.316642218428025
Italy,2007,-10.34380994540358,-12.48791393519184
Italy,2008,10.648452929558916,82.96755446697557
Italy,2009,15.261044176706818,-76.8576202196376
Italy,2010,7.923603045554262,96.8996864947198
Italy,2011,-0.0478297261748084,82.27489523035301
Italy,2012,27.467400406747224,9.376664536843249
Italy,2013,14.021586109807592,-59.886626824104816
Italy,2014,4.395423491645412,-80.24190741887303
Italy,2015,-6.20515650871244,-83.90756541150428
Italy,2016,-1.748486886348355,-342.37093971704337
Italy,2017,-4.081108829568791,-1404.5913406599857
Italy,2018,-5.360806350905367,-7.259936581282799
Italy,2019,-6.201696512723842,-46.263420835987
Italy,2020,-7.918006430868174,-122.52895909774888
Italy,2021,3.633784373635973,-1460.697312117342
Italy,2022,-15.03632726124038,337.6861559086467
Italy,2023,-5.589292353451492,-31.44743714310486
Japan,1990,0.0,35.48080572780117
Japan,1991,0.0,5.617063055024851
Japan,1992,4.808159300631365,-45.86140665134428
Japan,1993,17.655236329935132,-29.38374943551195
Japan,1994,13.824340291453318,-44.05210140040388
Japan,1995,8.996539792387527,-118.39061946709086
Japan,1996,7.396825396825402,-206.80326737388856
Japan,1997,-0.266036062666275,1179.5021914986328
Japan,1998,20.865441612329597,-62.12538884931992
Japan,1999,14.688572829818526,-151.55743722945238
Japan,2000,1.5180671370536691,98.23755460230804
Japan,2001,5.728727885425422,9.382030723273571
Japan,2002,7.290836653386457,24.787130425828185
Japan,2003,-2.5064983290011056,-72.22052243982733
Japan,2004,-9.845743667872798,-96.65809335348276
Japan,2005,-6.083650190114076,3200.2830269667024
Japan,2006,-5.713000449842543,-188.12814289354907
Japan,2007,-7.251908396946572,-75.9221086123615
Japan,2008,2.9320987654321007,2198.619940814252
Japan,2009,26.636681659170414,-198.02604526812905
Japan,2010,0.6906077348066253,-46.16917238786088
Japan,2011,-10.836762688614543,-62.587276749445486
Japan,2012,-4.219780219780223,-83.82690338818341
Japan,2013,-7.342817806333168,-860.3350451417704
Japan,2014,-11.11936602278356,723.5565633539406
Japan,2015,-5.684034550013939,-71.17744522532917
Japan,2016,-7.474150664697188,-116.00177334354488
Japan,2017,-9.897828863346104,-480.4842011609032
Japan,2018,-12.579730687455704,104.2740633455368
Japan,2019,-4.702067288204304,-52.60552833390361
Japan,2020,19.48107188430457,-105.33214702158094
Japan,2021,0.6763972944108021,833.5666855524804
Japan,2022,-8.062234794908052,-1170.354847584652
Japan,2023,-0.961538461538458,30.84557868743247
Korea,1990,0.0,50.403919644405335
Korea,1991,0.0,8.859140386914245
Korea,1992,4.403822185292894,-33.42525500831231
Korea,1993,14.524472741742954,-22.730096329658245
Korea,1994,-13.968033356497568,30.51164204927301
Korea,1995,-16.680129240710816,-28.4896016899198
Korea,1996,-0.7270964614638942,9.904666404105631
Korea,1997,27.34375,-9.861049917819775
Korea,1998,166.9861963190184,69.26549768432737
Korea,1999,-8.918569582076696,-89.18016118500195
Korea,2000,-35.93503626616209,177.89478350604645
Korea,2001,-8.95889736647797,80.00342768998921
Korea,2002,-17.65341984320087,-32.07400562068795
Korea,2003,9.914642153644127,27.24623456921822
Korea,2004,2.1505376344086,2.156221329568586
Korea,2005,1.8128654970760216,-23.30687576538808
Korea,2006,-6.547960941987374,-18.57262317836221
Korea,2007,-7.406269207129689,13.032524008727789
Korea,2008,-1.792233654165276,84.4056194487144
Korea,2009,13.653261236904356,-41.023586796092445
Korea,2010,-1.1596788581623607,6.631242920712599
Korea,2011,-9.98796630565584,36.97082496101951
Korea,2012,-6.0160427807486645,-45.67585555694015
Korea,2013,-2.3115220483641563,-40.4981585499881
Korea,2014,12.195121951219502,-2.041966506341697
Korea,2015,15.055158987670335,-44.59162840588561
Korea,2016,2.932882120699376,37.56789351959095
Korea,2017,0.0821917808219163,100.0988825872859
Korea,2018,4.681084040514638,-24.09531313512484
Korea,2019,-2.039748953974896,-74.04864533527989
Korea,2020,4.938601174586221,40.28396776416135
Korea,2021,-7.42813533452048,364.9895821333058
Korea,2022,-21.489420170376476,103.71635697181004
Korea,2023,-7.525376268813455,-29.31630610140591
Latvia,1990,0.0,0.0
Latvia,1991,0.0,0.0
Latvia,1992,144.44444444444443,0.0
Latvia,1993,153.03030303030303,-88.54786420455825
Latvia,1994,11.976047904191622,-67.03839176472314
Latvia,1995,1.6042780748663166,-30.476992757879927
Latvia,1996,8.947368421052637,-29.490249448926253
Latvia,1997,-28.01932367149757,-52.03203833998333
Latvia,1998,-2.9932885906040263,-45.02186066925066
Latvia,1999,-4.593884045938845,-49.08033425220373
Latvia,2000,3.0529369108049487,12.239266312090336
Latvia,2001,-2.744352966012253,-6.299875331711657
Latvia,2002,0.057882931770492,-22.04083123171725
Latvia,2003,-12.784727746040936,51.77081593262434
Latvia,2004,-2.9267888234806416,110.43585448048408
Latvia,2005,-14.306457123334482,8.979815767515586
Latvia,2006,-29.931226951061497,-3.1451841863677776
Latvia,2007,-13.911806543385495,54.416618039220886
Latvia,2008,27.875082617316597,52.60431312679088
Latvia,2009,126.32123013309212,-77.05471037341727
Latvia,2010,11.230373965172705,-130.69052615473515
Latvia,2011,-16.815522020326455,-502.9679819297894
Latvia,2012,-7.151672220165361,-48.34303762239542
Latvia,2013,-21.133780820097027,-101.3045849198846
Latvia,2014,-8.60369090755878,-2206.5873828687486
Latvia,2015,-8.971049234740924,-71.91863444669512
Latvia,2016,-2.3295857388838104,-19.288611204984253
Latvia,2017,-9.623561132427673,1983.69027442889
Latvia,2018,-14.951233505450368,-13.510574125010733
Latvia,2019,-14.840798704803015,10.927597524169474
Latvia,2020,28.29531051964513,-92.2080035548692
Latvia,2021,-7.224005927389488,1395.369317143702
Latvia,2022,-9.290563024091568,428.4244398499615
Latvia,2023,-4.123257520176093,-48.36568401179151
Lithuania,1990,0.0,0.0
Lithuania,1991,0.0,0.0
Lithuania,1992,9.090909090909085,0.0
Lithuania,1993,1050.0000000000002,-59.78408894788437
Lithuania,1994,0.0,-82.39630784802591
Lithuania,1995,27.10144927536231,-45.12794445830679
Lithuania,1996,-6.499429874572405,-37.889866323741686
Lithuania,1997,-13.841463414634136,-63.93511464844461
Lithuania,1998,-2.965322009908,-42.93968931079426
Lithuania,1999,-2.355772737218298,-85.64296211965392
Lithuania,2000,18.994622049596654,34.92057357542488
Lithuania,2001,5.705856506182916,39.27248879497345
Lithuania,2002,-22.75534441805226,-79.40879026134692
Lithuania,2003,-1.022447724477238,-502.94206590744005
Lithuania,2004,-17.01747572815534,-202.6266196265557
Lithuania,2005,-22.07974541370273,128.3720542685776
Lithuania,2006,-30.570570570570567,40.6485372169177
Lithuania,2007,-26.470588235294123,53.43647074956266
Lithuania,2008,37.08235294117645,90.44020536168422
Lithuania,2009,136.61174047373845,-59.24317057787394
Lithuania,2010,29.227421109902064,-70.37501866995126
Lithuania,2011,-13.607275176827216,213.0861871232908
Lithuania,2012,-13.157894736842104,-25.18700806433785
Lithuania,2013,-11.934156378600823,-66.10080221706194
Lithuania,2014,-9.10790144435003,-90.09450573704902
Lithuania,2015,-14.750420639371852,-952.0763018881752
Lithuania,2016,-13.793859649122798,-202.4236773973749
Lithuania,2017,-10.03561434749427,311.13037350180497
Lithuania,2018,-13.09204015269334,-27.531332113128315
Lithuania,2019,1.7569546120058457,-13.470279415098595
Lithuania,2020,35.68345323741007,-48.60185783447142
Lithuania,2021,-16.201248969011427,290.32968349841104
Lithuania,2022,-16.25421822272215,320.72937225903314
Lithuania,2023,16.89053055742107,-53.7310415078627
Luxembourg,1990,0.0,-3.4765266031176467
Luxembourg,1991,0.0,-4.161638157283543
Luxembourg,1992,36.90958164642375,1.1485909280383622
Luxembourg,1993,14.83489403647118,13.757150303602806
Luxembourg,1994,49.35622317596567,-38.832089484753055
Luxembourg,1995,-16.149425287356323,-14.902300867938113
Luxembourg,1996,12.611377655928724,-36.61383880150618
Luxembourg,1997,-23.097991479001823,15.513065092220613
Luxembourg,1998,9.339137316976643,-29.90411191907896
Luxembourg,1999,-13.499819037278316,6.950629307646561
Luxembourg,2000,-1.882845188284521,207.3329118435133
Luxembourg,2001,-23.027718550106623,-15.454838557773808
Luxembourg,2002,45.20775623268698,-22.138685239473432
Luxembourg,2003,40.21365890881343,-1.1689885766634325
Luxembourg,2004,39.12925170068029,8.578173503824171
Luxembourg,2005,-12.223743399178566,11.772473420162722
Luxembourg,2006,5.41443850267378,7.18006730669507
Luxembourg,2007,-14.077362079898526,-13.271362729705071
Luxembourg,2008,24.477244772447705,47.11094086268315
Luxembourg,2009,1.2252964426877622,-89.18121632657532
Luxembourg,2010,-14.857477547832875,517.777082060075
Luxembourg,2011,12.405411602843389,50.00724539354919
Luxembourg,2012,4.855161158710719,-21.92644892188148
Luxembourg,2013,13.774319066147855,-34.88010705615914
Luxembourg,2014,0.0683994528043907,-63.752617165524015
Luxembourg,2015,13.961038961038952,-24.469381247837408
Luxembourg,2016,-5.668016194331971,-38.738805128358656
Luxembourg,2017,-12.223811794627249,495.117338561739
Luxembourg,2018,1.1408909815284307,-11.705823658240044
Luxembourg,2019,0.1790510295434089,14.077096168529302
Luxembourg,2020,21.05451295799821,-52.96578104129118
Luxembourg,2021,-22.530636350214085,208.17703371095777
Luxembourg,2022,-12.616733371450351,150.74034199049788
Luxembourg,2023,13.151581243184296,-40.95014441362586
Mexico,1990,0.0,33.20590158714547
Mexico,1991,0.0,-14.968340508532796
Mexico,1992,2.861685214626397,-31.56980729490203
Mexico,1993,4.0185471406491535,-37.11938552593812
Mexico,1994,31.827637444279343,-28.5664705829509
Mexico,1995,59.94138863841299,402.443497196166
Mexico,1996,-22.973925299506693,-1.7740028495318971
Mexico,1997,-22.506861848124416,-40.00407582285367
Mexico,1998,-11.853600944510037,-22.773772288298144
Mexico,1999,-30.4045004018216,4.126102847068958
Mexico,2000,1.8475750577367167,-42.77233393748149
Mexico,2001,-0.7180650037792891,-32.91158608596378
Mexico,2002,14.312904453749532,-20.996635178490173
Mexico,2003,15.051615051615052,-9.617440562171176
Mexico,2004,13.950795947901584,3.112202230843764
Mexico,2005,-9.62661925323851,-14.937940028390628
Mexico,2006,0.2248454187745885,-8.991584344764547
Mexico,2007,1.7386427369601831,9.295617593309036
Mexico,2008,6.780595369349496,29.195305264772674
Mexico,2009,38.25503355704698,3.3633888062264417
Mexico,2010,-0.9895444361463724,-21.53203690710268
Mexico,2011,-2.4137280784461645,-18.02737923558245
Mexico,2012,-5.468599033816412,20.66490756717709
Mexico,2013,0.5928045789043379,-7.421096580717867
Mexico,2014,-2.072749441170496,5.5755018571074455
Mexico,2015,-10.541606142353189,-32.2990652711719
Mexico,2016,-10.623985154256545,3.714830806486691
Mexico,2017,-11.263950168699722,114.10640532552624
Mexico,2018,-4.211757823925133,-18.904496723707663
Mexico,2019,6.167938931297701,-25.786863426540872
Mexico,2020,27.725050330744907,-6.5767272342024174
Mexico,2021,-9.50236433235757,67.48561206471805
Mexico,2022,-18.984822095048525,38.79393282778448
Mexico,2023,-13.636363636363637,-29.992812579167705
Netherlands,1990,0.0,126.77756985755342
Netherlands,1991,0.0,28.69120679300672
Netherlands,1992,-23.74742621825669,0.8036666349434229
Netherlands,1993,13.177317731773176,-18.82776587085032
Netherlands,1994,13.86989024972165,8.410395894463086
Netherlands,1995,-0.0139684313451571,-31.350950395159348
Netherlands,1996,-10.296172115115954,1.3595478688947835
Netherlands,1997,-14.172247313502574,8.201558976526346
Netherlands,1998,-20.268553801487933,-7.11672941636019
Netherlands,1999,-17.546654528903048,10.108681855111511
Netherlands,2000,-24.78608887662158,9.426345237846046
Netherlands,2001,-22.238532110091736,76.05600273713655
Netherlands,2002,20.528551203397804,-20.8937292877436
Netherlands,2003,40.68128425998434,-36.365668944509885
Netherlands,2004,29.306985805733365,-39.59615848461529
Netherlands,2005,26.409814894532936,33.59186982756026
Netherlands,2006,-14.83058062319088,-34.75022965038765
Netherlands,2007,-16.973210715713716,46.51448366960953
Netherlands,2008,-12.01541054659282,54.07186144321674
Netherlands,2009,18.96551724137932,-52.150576265999305
Netherlands,2010,14.768806073153897,7.18864420351355
Netherlands,2011,-0.2405291641611406,83.5693344225446
Netherlands,2012,16.958006831424544,4.889963405445608
Netherlands,2013,24.428792303727896,2.0912187933825432
Netherlands,2014,2.388513047079943,-61.06603161285435
Netherlands,2015,-7.322006472491916,-38.501375688259074
Netherlands,2016,-12.614578786556086,-47.24404088830948
Netherlands,2017,-19.43056943056942,336.2501197513157
Netherlands,2018,-20.830750154990707,23.31153509955708
Netherlands,2019,-11.772383189767687,54.60535814781349
Netherlands,2020,12.988165680473385,-51.68543069199863
Netherlands,2021,10.238282272846288,110.27924596014414
Netherlands,2022,-16.294536817102134,273.7763125841585
Netherlands,2023,1.0499432463110026,-61.62070032884868
New Zealand,1990,0.0,6.690923063612475
New Zealand,1991,0.0,-57.32693787392541
New Zealand,1992,0.4993404936875834,-61.01433078785807
New Zealand,1993,-8.090372175869497,26.972029316756064
New Zealand,1994,-14.78988168094656,35.48885157085755
New Zealand,1995,-22.659803686856584,115.13645381834404
New Zealand,1996,-2.646649125522371,-39.12790788344024
New Zealand,1997,9.014308426073136,-48.06223253078555
New Zealand,1998,12.556511593991535,6.578433878958978
New Zealand,1999,-9.004923555325217,-109.03123200418894
New Zealand,2000,-12.715363804641887,-2388.702325856964
New Zealand,2001,-11.370309951060364,0.4046230712296372
New Zealand,2002,-2.7793116142094565,1.9527745684985165
New Zealand,2003,-10.166603559257858,-34.49705613225045
New Zealand,2004,-15.595363540569029,30.60460766932891
New Zealand,2005,-4.943820224719097,32.60668551193029
New Zealand,2006,1.3133701076963655,10.812516097217497
New Zealand,2007,-5.081669691470059,-29.394968867614867
New Zealand,2008,13.82136028407539,66.6124135369468
New Zealand,2009,46.89224862011041,-46.56028893855723
New Zealand,2010,7.1230191145237765,8.809238606093661
New Zealand,2011,-1.0065578770779404,74.9724120583181
New Zealand,2012,6.778616545986749,-73.68575615612687
New Zealand,2013,-15.755302265185389,7.029771978003807
New Zealand,2014,-7.038876519952053,8.205481515309376
New Zealand,2015,-0.2394988946204823,-76.1545549359761
New Zealand,2016,-4.949215143120956,120.7823936422351
New Zealand,2017,-7.985234116961348,186.39311426769552
New Zealand,2018,-8.46706081081081,-13.642334040289096
New Zealand,2019,-5.213379469434831,1.334849748998912
New Zealand,2020,11.827695302993412,5.8611958607863945
New Zealand,2021,-17.823721436343853,129.86169631574063
New Zealand,2022,-12.68538135593219,81.98440173186397
New Zealand,2023,13.345465574764926,-20.064373024472804
Norway,1990,0.0,-9.1310334845347
Norway,1991,0.0,-16.7715293243485
Norway,1992,9.302755687072306,-32.287599220808936
Norway,1993,0.9306260575296044,-1.710234641861652
Norway,1994,-10.326906957250625,-39.88142209651394
Norway,1995,17.909889699009174,78.84804339550608
Norway,1996,-20.152211828127488,-48.68521289089694
Norway,1997,-6.930103256552811,103.31542952480306
Norway,1998,-20.26882867505868,-12.252413298483678
Norway,1999,-13.112122023013118,5.0414400412215565
Norway,2000,6.4983061287342325,30.412030839482007
Norway,2001,8.097165991902822,-2.6351933395032723
Norway,2002,7.597645799892994,-57.16907823063431
Norway,2003,4.947787170561901,93.34550785123142
Norway,2004,0.8291873963515828,-81.73109425858513
Norway,2005,2.937030075187974,237.10423010371107
Norway,2006,-22.414973750285327,52.03306633669997
Norway,2007,-26.654898499558698,-69.40824123741916
Norway,2008,2.2864019253910906,426.80162452224187
Norway,2009,21.686274509803937,-41.46440156905417
Norway,2010,13.47083467611987,10.081093590576828
Norway,2011,-8.690712865663164,-46.87882132785052
Norway,2012,-2.861586314152398,-45.76728668162088
Norway,2013,9.606147934678177,204.2897704915672
Norway,2014,1.7820625182588312,-3.715343059124188
Norway,2015,23.306544202066597,6.339501652862212
Norway,2016,8.915270018621978,63.508823521524846
Norway,2017,-11.049369523402442,-47.18026490140845
Norway,2018,-8.697741470446907,47.44976087672259
Norway,2019,-2.9736842105263173,-21.596301455414824
Norway,2020,19.934906427990228,-40.64828703694949
Norway,2021,-1.1985526910900046,170.78512533802015
Norway,2022,-26.0013733119707,65.45122863171824
Norway,2023,10.763996288277134,-4.2725198673274285
Poland,1990,0.0,132.2128947674062
Poland,1991,0.0,-86.48135850196037
Poland,1992,0.0733406674000791,-39.951982786941
Poland,1993,5.481861487724449,-19.814924964872173
Poland,1994,3.001459042590149,-10.747949607296714
Poland,1995,-7.622259696458677,-15.276426279522491
Poland,1996,-7.382256297918954,-29.180738633043426
Poland,1997,-13.56039104383474,-24.661866472065817
Poland,1998,-9.385260853703024,-22.230724333454944
Poland,1999,23.704076497231984,-38.31555363679852
Poland,2000,32.74206672091131,38.38516198784863
Poland,2001,12.62106166482777,-45.371316728838536
Poland,2002,8.283894845697493,-64.7713762302543
Poland,2003,-2.6388539834129143,-64.16796451906086
Poland,2004,-1.528136293236959,395.4797130802912
Poland,2005,-6.962357135367537,-35.44112522377998
Poland,2006,-22.00495886396935,-41.171595629158354
Poland,2007,-30.626399826602118,91.38746123022123
Poland,2008,-25.86961049781296,69.39435007851593
Poland,2009,14.73728575442539,-8.873517415430065
Poland,2010,17.99926533610874,-32.004562005205564
Poland,2011,-0.0518833661928064,64.27371799573845
Poland,2012,4.734219269102979,-16.017118917391638
Poland,2013,2.359238699444899,-72.13822767473847
Poland,2014,-12.93821421654078,-94.57436928082588
Poland,2015,-16.562847608453836,-1724.1258811356013
Poland,2016,-17.864284762031733,-23.95061732264889
Poland,2017,-20.66223015744197,-412.2800174125885
Poland,2018,-21.31751227495908,-12.668214754878482
Poland,2019,-14.79459178367134,22.86477212092535
Poland,2020,-3.5093072932560365,51.49278692868589
Poland,2021,6.356736242884242,49.80211581249196
Poland,2022,-14.183764495985718,185.44754807124968
Poland,2023,0.6583506583506482,-20.101513274785244
Portugal,1990,0.0,7.443199737695072
Portugal,1991,0.0,-13.066851316701712
Portugal,1992,1.684103087522315,-19.327624841809783
Portugal,1993,33.02383939774154,-29.03446803001033
Portugal,1994,26.561026221467632,-20.09705157967148
Portugal,1995,5.291399612460879,-22.094590265336144
Portugal,1996,3.312570781426949,-27.32391791338471
Portugal,1997,-9.961633324198417,-23.855319361149075
Portugal,1998,-29.38669913255213,10.094270726012857
Portugal,1999,-1.3146551724137925,-9.043130957756173
Portugal,2000,-16.88141515614763,21.91943110266244
Portugal,2001,0.6043089858118744,53.167078651587296
Portugal,2002,17.44580830504048,-17.61038332228948
Portugal,2003,36.35757171447631,-10.592193479390932
Portugal,2004,3.049575994781484,-26.518523682179502
Portugal,2005,19.987339768950772,-3.7287354101071313
Portugal,2006,0.8836718543919764,36.47087028427218
Portugal,2007,4.144332592495759,-21.03508844901057
Portugal,2008,-5.184534270650265,5.482607966856556
Portugal,2009,24.877532106447788,-132.27845852987377
Portugal,2010,14.196352841391002,-267.86624801855413
Portugal,2011,17.742085228855252,160.45070502962858
Portugal,2012,22.4649108973348,-24.0807504285306
Portugal,2013,4.2302491790612295,-90.10518683733967
Portugal,2014,-14.15245861131702,-201.361688428349
Portugal,2015,-10.43390659854646,-275.4207145729068
Portugal,2016,-11.07897485337832,24.482269925817548
Portugal,2017,-19.868088182146725,125.3244495785562
Portugal,2018,-21.1410531063254,-27.392559277095756
Portugal,2019,-7.577923934801245,-65.96829296494056
Portugal,2020,5.136138613861374,-103.67803787355912
Portugal,2021,-3.222483814008248,-10275.459173377778
Portugal,2022,-8.60574730120115,518.8635672990855
Portugal,2023,7.98536017301612,-44.9578467247337
Slovenia,1990,0.0,-56.91706021490792
Slovenia,1991,0.0,-79.20007941030244
Slovenia,1992,10.494350282485886,82.81665456264797
Slovenia,1993,8.781797264476543,-84.87040150792117
Slovenia,1994,-3.172737955346649,-33.90928872330503
Slovenia,1995,-13.228155339805824,-35.86201258065878
Slovenia,1996,-3.692307692307695,-26.73314977785479
Slovenia,1997,-3.311065930874235,-15.254480626744972
Slovenia,1998,11.144487834184446,-5.604438007341517
Slovenia,1999,-0.9459459459459474,-21.99394996468399
Slovenia,2000,-5.593451568894958,44.774875214612834
Slovenia,2001,-17.846820809248566,-5.970529459049867
Slovenia,2002,4.256816182937562,-10.727016821538848
Slovenia,2003,9.347055846127894,-25.88786306519775
Slovenia,2004,-7.159388983181603,-35.19355125999264
Slovenia,2005,8.276549775635678,-31.76961486596004
Slovenia,2006,-8.564850345356867,0.2620075681680545
Slovenia,2007,-18.952492865536342,48.80423378775287
Slovenia,2008,-9.299917149958592,54.40685027880114
Slovenia,2009,34.026033340945425,-85.13902487522998
Slovenia,2010,23.49633668427331,114.61351650671833
Slovenia,2011,12.886313465783662,0.093355862782718
Slovenia,2012,8.188706917624057,44.07251759122626
Slovenia,2013,14.27925892453683,-31.88606227734536
Slovenia,2014,-4.191379992091726,-88.73254972797862
Slovenia,2015,-7.397853900123819,-363.64111390316594
Slovenia,2016,-10.78551532033426,-89.53490576197399
Slovenia,2017,-17.90932933683026,-2698.398788484457
Slovenia,2018,-22.166438460368187,21.65695733247228
Slovenia,2019,-13.057075840500376,-6.216811003732403
Slovenia,2020,11.825539568345311,-103.3643701553631
Slovenia,2021,-4.563731403297155,-3594.670673194011
Slovenia,2022,-15.462397303560138,360.7928570975089
Slovenia,2023,-9.618739097931728,-15.69921857061194
Spain,1990,0.0,-1.0250603795735835
Spain,1991,0.0,-11.717155993585148
Spain,1992,11.099252934898596,-0.1631586240198435
Spain,1993,25.196360965135334,-22.878763990898843
Spain,1994,9.266113016790031,3.2685414367789267
Spain,1995,-6.336486430666277,-0.9454525706768412
Spain,1996,-2.3506063947078326,-23.85547044459151
Spain,1997,-6.521542769397525,-44.6147941940228
Spain,1998,-9.783553966566828,-6.937535579715204
Spain,1999,-17.126332137310552,25.9505182415108
Spain,2000,-10.920840064620352,48.614642726528665
Spain,2001,-24.932898077620603,4.552724253009766
Spain,2002,7.71163509856978,-14.601712908722853
Spain,2003,1.2291404988336474,-0.8731722508804052
Spain,2004,-1.710537977488258,0.0118601591526656
Spain,2005,-17.529305680793495,10.84364287014603
Spain,2006,-7.58801661928713,4.356478740905589
Spain,2007,-2.6029342167534386,-20.72998444902241
Spain,2008,36.72254616132169,46.237515335066725
Spain,2009,58.65837405597512,-107.06230269637942
Spain,2010,11.216889735117874,-725.3588447007503
Spain,2011,7.708962739174208,77.57457582321206
Spain,2012,15.880510495068023,-23.465273958124826
Spain,2013,5.268678392770698,-42.41588365988842
Spain,2014,-6.330957308193463,-110.72816033512396
Spain,2015,-9.753702642991568,231.11620051500168
Spain,2016,-10.984676761265744,-59.51001518469361
Spain,2017,-12.27909345556405,-1065.4963691645526
Spain,2018,-11.431723176962372,-14.370347420194296
Spain,2019,-7.545067191084898,-58.23720747308205
Spain,2020,10.124787294384577,-146.1392785282968
Spain,2021,-4.835178985320621,-1058.3597850612812
Spain,2022,-12.610784114741902,171.2644619611703
Spain,2023,-5.9843616938917705,-57.90084981720089
Sweden,1990,0.0,60.889485297863246
Sweden,1991,0.0,-8.893274614196534
Sweden,1992,76.44156645081716,-74.86012768646322
Sweden,1993,63.05487591751135,99.13402377027649
Sweden,1994,2.679528403001074,-54.355773657104855
Sweden,1995,-7.129436325678496,13.762353011560702
Sweden,1996,7.305833426997865,-78.28514397143749
Sweden,1997,8.505289619775835,23.498548564838597
Sweden,1998,-13.688579978762416,-140.5723734655798
Sweden,1999,-14.920031316407568,-273.0135664275999
Sweden,2000,-28.14512948599973,94.54584588811709
Sweden,2001,-13.465056714233436,167.58328507686625
Sweden,2002,4.96828752642704,-10.285972154328338
Sweden,2003,11.883182275931524,-10.78659781875536
Sweden,2004,20.486048604860496,-80.59570581028204
Sweden,2005,11.848199611534447,21.278986347767127
Sweden,2006,-5.610472882714401,200.15493648705603
Sweden,2007,-12.807812057741296,62.633800147045314
Sweden,2008,1.201103716929075,55.37010797612568
Sweden,2009,33.93744987971132,-114.38619375954882
Sweden,2010,3.101424979044398,-334.1922001768457
Sweden,2011,-9.361207897793255,155.7151428993143
Sweden,2012,2.203997949769354,-69.99890969414066
Sweden,2013,0.952858575727178,-104.98582749461713
Sweden,2014,-1.217088922006948,305.5688611533614
Sweden,2015,-6.562735730450076,-73.95616943882864
Sweden,2016,-5.947255113024763,-2203.8251784849954
Sweden,2017,-3.8912732474964296,82.31790296363471
Sweden,2018,-5.254540041679068,8.86243178929924
Sweden,2019,7.352710133542817,-8.670656062027316
Sweden,2020,21.33762622566955,-72.1230251112146
Sweden,2021,5.198407912193925,334.9295342422771
Sweden,2022,-15.24879614767254,286.8944705777664
Sweden,2023,2.6379870129870087,2.142761056291431
Switzerland,1990,0.0,71.26773428814334
Switzerland,1991,0.0,8.431550558451196
Switzerland,1992,28.93289328932893,-31.103957158307026
Switzerland,1993,51.49317406143346,-18.43950544449332
Switzerland,1994,0.8166713601802211,-74.12041084634706
Switzerland,1995,-13.575418994413411,111.2183866254187
Switzerland,1996,19.06916612798968,-54.90490373693084
Switzerland,1997,12.02497285559174,-35.903944223928065
Switzerland,1998,-13.544947904046513,-96.55179520128912
Switzerland,1999,-14.43385650224216,4395.622088166205
Switzerland,2000,-12.93809367834916,93.259353492848
Switzerland,2001,-6.320541760722332,-36.541430734582505
Switzerland,2002,17.429718875501997,-35.01533916901385
Switzerland,2003,40.80027359781122,-0.6906016076665633
Switzerland,2004,4.833616711197464,25.793949892573465
Switzerland,2005,2.8035217794254,45.96356444403891
Switzerland,2006,-9.961685823754795,-9.59465137051948
Switzerland,2007,-8.861076345431796,-30.878321242608685
Switzerland,2008,-7.992309804998621,231.26772355507984
Switzerland,2009,22.65671641791045,-119.8051847488618
Switzerland,2010,17.01143830615721,-243.23924697972413
Switzerland,2011,-8.29866888519135,-66.38532450340664
Switzerland,2012,1.859832161487862,-399.3535288004962
Switzerland,2013,5.700289467824549,-68.61995209723004
Switzerland,2014,1.6642089740888988,-93.92492760377974
Switzerland,2015,-0.5180273518441636,8564.308221320156
Switzerland,2016,2.436992293272233,-62.00582488459359
Switzerland,2017,-2.460349735664913,-222.81751434402275
Switzerland,2018,-1.7510944340212609,75.41341219013155
Switzerland,2019,-6.76851262465521,-61.24399919129839
Switzerland,2020,9.626763768775604,-300.0282658876676
Switzerland,2021,5.812746522732004,-180.15350049290103
Switzerland,2022,-15.636649009221127,387.27379667385486
Switzerland,2023,-5.813953488372093,-24.67796118609461
Turkey,1990,0.0,-4.691897581450011
Turkey,1991,0.0,9.410173744850049
Turkey,1992,3.641900121802677,6.21040438558933
Turkey,1993,5.323774826654115,-5.682765836108105
Turkey,1994,-4.295916090158447,59.19029936243538
Turkey,1995,-10.87792934592514,-15.303589170730913
Turkey,1996,-13.278388278388286,-9.764159108249604
Turkey,1997,3.198069090360556,6.537830956476998
Turkey,1998,0.6870340593480462,-1.1999834598977577
Turkey,1999,11.59988385598143,-23.361935228110355
Turkey,2000,-15.506699622739696,-15.342226779665047
Turkey,2001,29.037721324095457,-0.9381377464247276
Turkey,2002,23.589070516644806,-17.34565269916537
Turkey,2003,1.776404711334223,-51.956275373376336
Turkey,2004,2.8078163536330747,-60.19772628492317
Turkey,2005,-1.8638125115334916,-4.874256315391157
Turkey,2006,-3.8454306130124016,17.337742398939593
Turkey,2007,0.5671262344773664,-8.763571890974575
Turkey,2008,6.6115702479338845,19.2772110049974
Turkey,2009,27.916096671226637,-40.1484125475677
Turkey,2010,-15.307286467988025,37.04169302948719
Turkey,2011,-17.594073575216772,-24.450804611940992
Turkey,2012,-5.914802329144953,37.387751580772566
Turkey,2013,5.461454940282273,-15.728152233012327
Turkey,2014,1.9355502934211843,18.169838525654857
Turkey,2015,4.070295929704071,-13.368449322556442
Turkey,2016,5.774456521739113,1.3594380728041866
Turkey,2017,0.1835030736764942,43.33271761876956
Turkey,2018,0.3388588698598704,46.55427134756545
Turkey,2019,25.319459656809062,-7.075737849939479
Turkey,2020,-4.238892935178451,-19.094011922286835
Turkey,2021,-8.967143291755397,59.5941086187248
Turkey,2022,-12.84150722700308,268.98866105208134
Turkey,2023,-9.77760736196318,-25.514761754084216
United Kingdom,1990,0.0,39.98458712833735
United Kingdom,1991,0.0,-7.461782958833963
United Kingdom,1992,14.292397660818713,-38.46578863979679
United Kingdom,1993,5.873925501432664,-44.276369389544726
United Kingdom,1994,-6.746568722211488,-13.271644175561958
United Kingdom,1995,-9.888059701492525,21.56285984684616
United Kingdom,1996,-5.808603634690601,5.719646210022544
United Kingdom,1997,-13.640249114666014,-22.815178227254084
United Kingdom,1998,-12.358597285067871,-17.29017490723065
United Kingdom,1999,-2.516940948693136,-3.7137350708659422
United Kingdom,2000,-8.010592519033432,-32.51628960007532
United Kingdom,2001,-15.509175962576473,29.535611597034883
United Kingdom,2002,7.261499148211259,-0.7796617675633555
United Kingdom,2003,-4.566210045662089,-9.464735678910142
United Kingdom,2004,-4.431038069482007,1.0096024782441315
United Kingdom,2005,3.4175010883761514,50.25461347056572
United Kingdom,2006,12.607872026941692,17.54433833090532
United Kingdom,2007,-1.6448598130841097,-2.81391190867244
United Kingdom,2008,6.708475864690255,47.55155277565131
United Kingdom,2009,34.22974176313445,-44.291277172088826
United Kingdom,2010,3.3169696165583185,27.063995512585205
United Kingdom,2011,3.223320919481188,54.69902061947229
United Kingdom,2012,-1.903458571784033,-33.26867843281024
United Kingdom,2013,-4.565630944831955,-10.942185700592333
United Kingdom,2014,-18.80398671096345,-36.678392896483146
United Kingdom,2015,-13.240589198036012,-74.63705271387646
United Kingdom,2016,-9.262403320128287,173.99158284314257
United Kingdom,2017,-9.979209979209967,153.64059140242813
United Kingdom,2018,-7.71362586605081,-10.357356065257106
United Kingdom,2019,-6.481481481481477,-24.194244930671893
United Kingdom,2020,19.66818303451967,-43.07093465889744
United Kingdom,2021,7.915921288014283,154.51287883096202
United Kingdom,2022,-22.71031910484873,214.57035238304684
United Kingdom,2023,8.713136729222516,-14.23977290553512
United States,1990,0.0,11.828320936438264
United States,1991,0.0,-21.545051130497814
United States,1992,10.294117647058831,-28.48062691839221
United States,1993,-7.9999999999999964,-2.5476165702592257
United States,1994,-11.318840579710155,-11.661767541587686
United States,1995,-7.664651086778873,7.592810424111707
United States,1996,-3.522123893805318,4.483625444463746
United States,1997,-8.273711245642989,-20.24813771077429
United States,1998,-9.78,-33.597733624499924
United States,1999,-6.473065839060066,40.95578549048027
United States,2000,-5.380421900924393,54.33342307764744
United States,2001,18.5120240480962,-16.30765258363802
United States,2002,22.23631367575567,-43.88055215987082
United States,2003,3.562164966280479,43.13049843110095
United States,2004,-7.680748038069796,17.93500821958782
United States,2005,-8.048471694700677,26.72569645675331
United States,2006,-9.067663257277726,-4.916451230242025
United States,2007,-0.0216309755570076,-11.570926442410787
United States,2008,25.14063176114236,34.579077031248204
United States,2009,59.99308437067772,-109.26118721820932
United States,2010,4.09552625891505,-561.2742697176857
United States,2011,-7.100591715976323,92.4852408269317
United States,2012,-9.83350094982679,-34.44912518509731
United States,2013,-8.600817945222461,-29.21247392700871
United States,2014,-16.366101694915248,10.744593954491965
United States,2015,-14.396887159533067,-92.68737173114272
United States,2016,-7.784090909090913,963.4861875110936
United States,2017,-10.556582460464147,68.84419464917957
United States,2018,-10.539609644087268,14.669350052965612
United States,2019,-5.826488706365495,-25.807644831364783
United States,2020,119.5421095666394,-31.92928275713289
United States,2021,-33.59404096834264,280.8299520675844
United States,2022,-31.76294634511124,70.34994138129562
United States,2023,-0.6849315068493178,-48.56377172900924
