,Africa Eastern and Southern,Afghanistan,Africa Western and Central,Angola,Albania,Arab World,United Arab Emirates,Argentina,Armenia,Australia,Austria,Azerbaijan,Burundi,Belgium,Benin,Burkina Faso,Bangladesh,Bulgaria,Bahrain,"Bahamas, The",Bosnia and Herzegovina,Belarus,Belize,Bolivia,Brazil,Barbados,Brunei Darussalam,Bhutan,Botswana,Central African Republic,Canada,Central Europe and the Baltics,Switzerland,Channel Islands,Chile,China,Cote d'Ivoire,Cameroon,"Congo, Dem. Rep.","Congo, Rep.",Colombia,Comoros,Cabo Verde,Costa Rica,Caribbean small states,Cuba,Cyprus,Czechia,Germany,Djibouti,Denmark,Dominican Republic,Algeria,East Asia & Pacific (excluding high income),Early-demographic dividend,East Asia & Pacific,Europe & Central Asia (excluding high income),Europe & Central Asia,Ecuador,"Egypt, Arab Rep.",Euro area,Eritrea,Spain,Estonia,Ethiopia,European Union,Fragile and conflict affected situations,Finland,Fiji,France,Gabon,United Kingdom,Georgia,Ghana,Guinea,"Gambia, The",Guinea-Bissau,Equatorial Guinea,Greece,Guatemala,Guam,Guyana,High income,"Hong Kong SAR, China",Honduras,Heavily indebted poor countries (HIPC),Croatia,Haiti,Hungary,IBRD only,IDA & IBRD total,IDA total,IDA blend,Indonesia,IDA only,India,Ireland,"Iran, Islamic Rep.",Iraq,Iceland,Israel,Italy,Jamaica,Jordan,Japan,Kazakhstan,Kenya,Kyrgyz Republic,Cambodia,"Korea, Rep.",Kuwait,Latin America & Caribbean (excluding high income),Lao PDR,Lebanon,Liberia,Libya,St. Lucia,Latin America & Caribbean,Least developed countries: UN classification,Low income,Sri Lanka,Lower middle income,Low & middle income,Lesotho,Late-demographic dividend,Lithuania,Luxembourg,Latvia,"Macao SAR, China",Morocco,Moldova,Madagascar,Maldives,Middle East & North Africa,Mexico,Middle income,North Macedonia,Mali,Malta,Myanmar,Middle East & North Africa (excluding high income),Montenegro,Mongolia,Mozambique,Mauritania,Mauritius,Malawi,Malaysia,North America,Namibia,New Caledonia,Niger,Nigeria,Nicaragua,Netherlands,Norway,Nepal,New Zealand,OECD members,Oman,Other small states,Pakistan,Panama,Peru,Philippines,Papua New Guinea,Poland,Pre-demographic dividend,Puerto Rico,"Korea, Dem. People's Rep.",Portugal,Paraguay,West Bank and Gaza,Pacific island small states,Post-demographic dividend,French Polynesia,Qatar,Romania,Russian Federation,Rwanda,South Asia,Saudi Arabia,Sudan,Senegal,Singapore,Solomon Islands,Sierra Leone,El Salvador,Somalia,Serbia,Sub-Saharan Africa (excluding high income),South Sudan,Sub-Saharan Africa,Small states,Sao Tome and Principe,Suriname,Slovak Republic,Slovenia,Sweden,Eswatini,Syrian Arab Republic,Chad,East Asia & Pacific (IDA & IBRD countries),Europe & Central Asia (IDA & IBRD countries),Togo,Thailand,Tajikistan,Turkmenistan,Latin America & the Caribbean (IDA & IBRD countries),Timor-Leste,Middle East & North Africa (IDA & IBRD countries),Tonga,South Asia (IDA & IBRD),Sub-Saharan Africa (IDA & IBRD countries),Trinidad and Tobago,Tunisia,Turkiye,Tanzania,Uganda,Ukraine,Upper middle income,Uruguay,United States,Uzbekistan,St. Vincent and the Grenadines,"Venezuela, RB",Virgin Islands (U.S.),Viet Nam,Vanuatu,World,Samoa,"Yemen, Rep.",South Africa,Zambia,Zimbabwe
1991,7.801596969,7.946,4.158534905,16.468,10.304,11.79943452,1.645,5.44,1.6,9.586,3.42,0.9,3.168,6.984,1.639,2.468,2.2,11.1,1.13,12.17,17.55,0.6,9.64,2.927,6.896,22.308,4.7,1.374,13.82,5.561,10.316,9.522447075,1.818,5.651,5.23,2.37,6.597,8.933,3.213,19.858,10.12,4.834,13.539,5.37,14.96923085,8.31,3.0,2.27,5.316,27.078,9.099,6.878,20.6,2.408217301,5.857400243,2.463156452,4.402810918,6.909804635,4.332,9.38,8.325353605,5.329,15.929,1.468,3.259,8.59654111,4.470200908,6.503,4.633,9.134,17.22,8.55,2.7,3.489,4.519,9.561,3.066,7.285,7.572,2.675,3.509,12.046,6.682520035,1.8,4.58,5.085239158,11.14,7.327,8.5,4.745196078,4.628402693,4.05844976,2.971189907,2.617,4.527961904,6.85,15.771,11.1,8.714,2.548,13.387,10.097,6.281,21.311,2.059,0.9,2.788,1.0,0.761,2.407,0.888,6.033075401,2.485,8.61,2.68,18.69,16.528,6.323088625,4.467543081,4.728973334,14.661,5.605817831,4.429571434,15.449,3.664443269,1.1,1.482,2.7,3.01,13.59,1.9,6.14,0.795,11.32176327,3.145,4.408668504,24.5,1.317,6.357,0.878,11.88151387,29.933,5.687,2.825,9.888,9.541,4.876,3.694,7.163851279,19.14,18.05,1.578,3.741,8.054,7.285,5.407,10.539,10.614,6.784702299,4.148,7.639656286,0.586,6.451,4.961,3.77,2.839,13.635,5.387531794,16.18,2.394,3.919,5.1,10.55,3.848368612,6.302192207,11.718,0.87,8.244,5.133,12.304,6.022874643,7.29,14.899,2.86,2.18,1.976,4.056,7.53,19.037,13.348,6.4125394,12.203,6.4125394,8.394937076,14.417,17.085,12.154,7.08,3.243,20.57,6.75,0.669,2.408410201,5.941258389,4.045,2.63,1.9,1.4,6.196778158,3.329,11.89063331,1.35,6.022874643,6.4125394,18.52,15.977,8.21,3.6,3.404,1.9,3.715175406,8.95,6.8,1.9,19.77,9.45,11.989,2.162,8.009,4.995725436,2.1,8.17,20.105,18.9,4.796
1992,7.896982015,7.94,4.27788522,16.621,30.007,12.03588051,1.73,6.36,1.8,10.733,3.59,1.8,3.141,6.702,1.51,2.505,2.253,15.3,1.042,14.81,18.481,3.1,9.657,3.028,7.086,22.94,4.772,1.381,16.331,5.672,11.197,10.13399859,2.344,6.1,4.35,2.37,6.7,9.012,3.312,19.866,9.44,4.55,13.459,3.93,15.47220431,8.786,2.09,2.6,6.323,26.931,9.027,6.671,24.38,2.377182532,5.926805237,2.455835076,5.183176578,7.509449512,4.291,8.92,8.952894617,5.483,17.697,3.681,3.382,9.250455894,4.424608596,11.595,4.657,10.203,17.701,9.772,5.4,4.7,4.549,9.681,3.13,7.487,8.927,2.631,3.837,11.9,7.183415862,1.96,3.06,5.195909076,10.934,7.405,9.942,4.796614602,4.681187261,4.123386336,3.055419229,2.734,4.585733965,6.853,15.021,10.659,8.434,4.305,14.08,9.321,6.438,19.93,2.158,1.0,2.893,1.1,0.746,2.513,0.879,6.130639321,2.702,8.268,2.747,18.92,16.544,6.311370483,4.529463876,4.799333331,14.22,5.621858462,4.48904517,15.405,3.671252038,1.2,2.029,6.6,2.197,13.85,3.7,6.251,0.796,11.45905861,3.235,4.467173121,26.3,1.408,6.353,0.826,12.04751198,30.128,5.866,2.996,9.954,9.473,5.036,3.71,7.876543669,18.922,18.642,1.56,3.705,7.941,5.555,5.91,10.547,10.667,7.272922737,4.258,8.189084765,0.583,6.298,5.098,3.882,2.651,13.645,5.438477996,16.93,2.427,3.985,4.98,10.304,3.85040624,6.919113959,11.85,0.87,8.26,5.181,12.118,6.016663687,7.2,14.971,2.919,3.09,1.864,4.248,7.88,19.247,13.447,6.516258915,12.267,6.516258915,8.878224056,14.576,17.28,12.206,7.823,5.722,20.961,6.955,0.66,2.376503319,6.382204504,4.189,1.35,2.1,1.5,6.168113913,3.292,12.05957767,1.351,6.016663687,6.516258915,19.66,15.647,8.509,3.68,3.498,1.9,3.79214497,8.96,7.5,2.9,19.541,7.69,12.271,2.128,7.982,5.149447208,2.438,8.114,20.369,19.544,4.933
1993,7.898075948,7.961,4.376871131,17.074,25.251,12.81229075,1.915,10.1,5.3,10.879,4.25,4.5,3.112,8.078,1.494,2.432,2.32,16.4,0.943,12.72,19.422,8.5,9.78,3.049,6.03,24.54,4.87,1.394,18.762,5.735,11.377,11.52508424,3.551,7.069,4.49,2.69,5.868,9.118,3.39,19.933,7.8,4.597,13.327,3.95,15.05994672,9.28,2.7,4.349,7.675,27.509,10.719,6.305,26.23,2.628215302,6.111081439,2.71328404,5.927091754,8.671274581,4.367,10.92,10.71803871,5.554,22.156,6.544,3.236,10.8445043,4.443463818,16.201,4.71,11.321,17.78,10.346,5.4,5.238,4.527,9.727,3.179,7.639,10.177,2.593,5.527,11.668,7.770130221,1.96,3.097,5.199135601,10.709,7.582,12.098,5.02181426,4.884290329,4.227871673,3.313559383,2.782,4.621898648,6.859,15.571,10.574,8.442,5.257,12.741,10.212,6.284,19.7,2.539,1.11,2.97,1.223,0.734,2.878,0.8,5.934546546,2.727,8.275,2.7,19.102,16.8,6.083938522,4.55557924,4.805029787,13.82,5.746226609,4.677476811,15.531,3.884741142,13.8,2.33,16.7,2.057,14.076,3.7,6.3,0.792,12.11150945,3.365,4.668397478,27.7,1.342,6.349,0.801,12.85207667,30.401,5.861,2.872,9.757,9.529,4.967,4.11,7.353956572,19.096,18.82,1.532,3.92,7.96,6.287,5.965,10.56,9.804,7.765047539,4.106,8.990858579,0.588,6.348,4.828,3.897,2.422,14.393,5.496866708,16.91,2.53,5.301,5.06,10.407,3.910751949,7.516099025,11.899,0.87,8.24,5.883,12.167,6.027877238,7.075,14.803,2.872,3.07,1.842,4.27,9.94,19.208,13.555,6.554162587,12.102,6.554162587,9.397320462,14.413,15.64,12.2,8.51,9.33,21.715,7.4,0.7,2.629560269,7.072969783,4.47,1.49,6.2,1.5,5.924192936,3.257,12.86927809,1.3,6.027877238,6.554162587,19.81,15.986,8.962,3.881,3.445,2.0,4.030463591,8.35,6.9,4.9,19.66,6.6,12.446,2.051,8.326,5.419713934,2.686,8.338,20.295,19.7,4.993
1994,7.76885901,7.98,4.399825335,17.105,20.835,12.92442334,1.841,11.76,6.6,9.724,3.535,6.3,3.133,9.645,1.455,2.58,2.381,12.8,1.08,13.83,20.251,12.8,11.1,3.08,6.578,22.98,4.964,1.391,21.2,5.757,10.395,11.36998721,3.58,7.231,5.87,2.9,5.045,8.854,3.345,20.179,8.25,4.593,13.021,4.05,14.69750161,8.811,2.7,4.284,8.727,27.422,8.036,6.267,27.74,2.925165085,6.380162853,2.982302321,7.195386287,9.661396315,4.373,10.93,11.766224,5.598,24.209,7.561,3.1,11.51880658,4.547271052,16.426,4.623,12.593,17.805,9.648,8.4,5.895,4.481,9.862,3.203,7.745,9.808,2.576,7.6,11.598,8.032392133,1.9,3.136,5.142767708,10.332,7.97,10.847,5.408867752,5.209489145,4.268604853,3.500648488,4.366,4.599176066,6.828,14.544,10.449,8.298,5.326,9.934,11.086,6.388,16.915,2.89,7.54,2.947,1.34,0.99,2.476,0.7,6.48346379,2.631,8.364,2.664,19.411,17.0,6.692844669,4.533847177,4.78098882,13.03,5.748935868,4.930279009,15.587,4.289867871,13.8,3.48,18.7,2.48,13.917,5.8,6.09,0.791,12.09805284,4.436,4.940969246,30.0,1.444,6.346,0.771,12.95210025,30.366,5.709,2.856,9.873,9.531,5.333,3.64,6.549545443,19.4,18.956,1.493,3.959,7.773,7.159,5.349,10.552,8.354,7.8359976,4.17,9.146616269,0.591,6.439,4.526,3.796,2.454,14.825,5.458228175,14.6,2.639,6.709,4.41,10.183,3.88316156,7.507898881,12.103,0.87,8.17,8.131,12.287,5.996313272,6.88,14.923,2.932,3.03,1.816,4.316,7.68,19.686,13.509,6.484041431,12.224,6.484041431,9.443098622,14.376,12.7,13.654,8.24,9.58,21.704,7.5,0.711,2.929081009,8.42878416,4.184,1.347,8.8,4.7,6.581641971,3.278,12.97191364,1.708,5.996313272,6.484041431,18.44,16.038,8.577,3.847,3.424,2.0,4.458516004,9.04,6.119,7.3,19.958,8.56,12.247,1.98,8.145,5.671507982,2.995,8.34,20.073,18.645,4.96
1995,7.533565842,7.967,4.390341746,16.711,14.607,13.4168306,1.8,18.8,6.7,8.473,4.353,7.2,3.088,9.337,1.307,2.532,2.446,11.1,1.117,10.83,21.063,17.7,12.48,2.665,7.092,19.66,5.059,1.392,21.395,5.709,9.489,10.84359329,3.094,6.978,4.7,3.0,4.1,8.585,3.233,20.146,8.72,4.709,12.977,5.18,13.04414216,8.27,2.6,4.083,8.158,27.607,6.992,6.431,31.84,3.008000205,6.741715022,3.055784867,8.632693859,9.942247417,4.372,11.04,11.44894091,5.464,22.675,9.659,3.021,11.08299228,5.052622628,17.005,4.674,11.834,17.414,8.694,7.6,6.479,4.437,9.983,3.168,7.787,10.117,2.573,7.9,11.622,7.829071559,3.22,3.24,4.965521621,9.995,7.56,10.168,5.76399986,5.492008601,4.218554725,3.579501303,4.611,4.49233404,6.99,11.97,9.895,8.488,5.196,8.782,11.661,6.378,14.6,3.15,10.98,2.847,1.435,0.974,2.063,0.694,7.816621071,2.6,8.456,2.588,19.483,15.83,7.927875698,4.438627906,4.681437678,12.27,5.820980413,5.194963018,15.771,4.460173908,17.54,2.918,19.0,3.581,14.089,5.3,6.078,0.79,12.39518263,7.095,5.232054276,35.6,1.394,6.342,0.757,13.3668279,30.178,5.5,2.755,9.674,9.59,4.884,3.15,6.034042833,21.319,18.635,1.486,4.041,7.491,7.158,6.307,10.565,6.461,7.604870336,4.262,9.478377921,0.596,6.51,4.737,3.71,2.633,13.695,5.329341452,13.93,2.659,7.064,3.4,10.379,3.958822383,7.379967229,12.05,0.87,8.01,9.449,12.094,6.122413348,6.44,14.931,2.84,3.3,1.849,4.21,7.65,19.477,13.4,6.334918981,12.238,6.334918981,9.41418112,14.323,8.39,13.109,7.15,8.897,21.65,7.2,0.751,3.012776698,9.40659578,3.986,1.1,10.3,8.3,7.876596951,3.3,13.38866637,2.007,6.122413348,6.334918981,17.22,16.36,7.644,3.659,3.197,5.62,4.875769311,10.02,5.65,7.8,19.984,10.24,11.811,1.959,8.198,5.824528829,3.239,8.987,19.799,16.825,5.573
1996,7.446310256,7.941,4.339946864,16.013,13.928,12.38872872,1.836,17.11,9.3,8.509,5.291,8.1,3.095,9.483,1.25,2.448,2.51,12.5,1.254,11.46,21.84,24.4,13.82,2.375,8.035,14.71,5.142,1.392,21.593,5.676,9.62,10.19087946,3.684,6.906,7.414,3.12,4.04,8.06,3.117,19.995,11.81,4.813,12.945,6.16,12.90190482,7.61,3.1,3.852,8.822,27.461,6.844,6.48,28.315,3.112816246,6.676757901,3.164054083,10.06663757,10.28050667,4.387,9.0,11.66065584,5.394,22.142,9.915,3.137,11.11129308,5.342802069,15.572,4.649,12.367,17.354,8.189,11.5,7.084,4.461,10.036,3.063,7.84,10.402,2.623,8.283,11.602,7.823286354,2.83,4.37,4.93476462,9.68,7.319,10.022,5.891487772,5.604004294,4.274686676,3.744164803,4.861,4.504004413,7.147,11.692,9.1,8.559,3.6,8.455,11.864,6.675,13.7,3.383,12.96,2.777,1.512,0.963,2.048,0.7,8.061814721,2.453,8.444,2.371,19.322,16.33,8.308102092,4.412829428,4.715299647,11.35,5.843348339,5.310120171,15.681,4.648746101,16.4,3.286,20.7,4.249,13.434,7.9,6.082,1.023,11.3297658,5.465,5.353360267,38.8,1.35,6.339,0.762,12.20818947,29.837,5.533,2.752,9.673,9.502,4.929,2.52,5.86615396,22.837,18.64,1.49,3.944,7.164,6.421,5.036,10.56,6.29,7.549963901,4.345,9.502236653,0.591,6.525,4.95,3.637,2.751,12.684,5.212745538,13.64,2.693,7.298,8.15,10.494,3.99313563,7.555423838,12.015,0.87,6.74,9.665,11.696,6.229621516,5.845,14.902,2.826,3.57,1.88,4.21,7.68,19.394,13.2,6.258940363,12.217,6.258940363,9.406529815,14.319,10.88,11.341,6.886,9.547,22.076,7.225,0.701,3.118547832,9.996930381,3.624,1.071,13.4,10.3,8.284437766,3.315,12.22107372,2.414,6.229621516,6.258940363,16.25,16.07,6.629,3.466,3.182,7.65,5.051956516,11.93,5.451,10.7,20.328,11.77,11.699,1.93,8.153,5.910728516,3.51,9.588,19.643,15.3,6.161
1997,7.406223582,7.92,4.323777965,15.928,16.872,11.9261892,1.908,14.82,10.8,8.367,5.157,9.1,3.147,8.95,1.102,2.414,2.699,13.7,1.196,9.76,22.727,17.1,12.68,2.08,9.003,14.61,5.254,1.395,21.041,5.633,9.101,9.200136388,4.127,6.696,7.136,3.23,3.965,7.86,3.14,19.862,12.14,4.584,13.102,5.68,12.71928489,7.1,3.4,4.674,9.861,27.446,5.4,6.314,25.43,3.20398298,6.615971152,3.2523003,10.24147169,10.5198532,4.389,8.37,11.66201611,5.494,20.698,10.369,3.245,10.90090997,5.455889811,14.968,4.741,12.566,17.201,7.072,11.5,7.637,4.423,9.866,3.03,7.881,10.472,2.608,9.67,11.62,7.820112888,2.22,3.32,4.871844222,9.71,6.968,8.991,6.025819804,5.709612327,4.26086072,3.733290377,4.684,4.491169232,7.335,10.192,9.69,8.319,3.72,9.751,11.985,6.758,13.737,3.374,13.01,2.819,1.577,0.638,2.608,0.7,7.933142687,2.36,8.62,2.176,19.439,20.47,8.145987597,4.410345797,4.743980087,10.6,5.967090526,5.378864879,15.796,4.908127088,14.13,2.527,14.9,3.261,14.04,7.9,5.963,1.257,11.10382551,4.235,5.425137602,36.0,1.34,6.335,0.765,11.94828425,29.844,5.611,2.7,9.694,9.383,4.69,2.45,5.407211368,24.45,18.382,1.496,3.873,7.132,5.511,4.687,10.596,6.857,7.254453795,4.278,9.61660136,0.596,6.423,4.784,3.618,2.87,10.964,5.115432941,13.8,2.782,6.571,5.36,10.515,4.12679889,7.359820567,11.945,0.87,5.515,11.813,11.31,6.375866919,5.322,14.577,2.76,2.5,2.003,4.251,7.98,19.033,13.8,6.224942894,11.909,6.224942894,9.470392018,14.404,10.56,11.894,6.658,10.359,22.5,7.314,0.732,3.209744551,10.63853293,3.636,0.873,13.9,11.0,8.128948104,3.346,11.95914101,2.864,6.375866919,6.224942894,15.01,15.94,6.841,3.336,3.222,8.93,5.087665338,11.44,5.0,10.9,20.106,11.16,11.465,2.87,8.287,5.95410201,3.775,10.224,19.679,13.305,6.93
1998,7.438246713,7.941,4.343833045,16.148,20.042,11.87927252,2.071,12.65,9.4,7.684,5.493,10.0,3.191,9.323,1.051,2.44,2.891,12.2,1.179,7.65,23.633,14.0,14.31,2.122,10.15,12.4,5.368,1.4,20.86,5.602,8.279,9.016728652,3.568,6.289,7.307,3.24,4.1,7.696,3.169,19.88,15.0,4.636,13.146,5.33,12.28597479,6.23,3.3,6.455,9.787,27.269,5.039,6.295,26.855,3.370853618,6.796142445,3.541737279,11.17791466,10.70402053,4.35,8.03,11.24246087,5.589,18.673,9.51,3.489,10.49130198,5.721195764,13.215,4.758,12.074,17.184,6.198,14.53,8.2,4.461,9.784,3.416,7.933,12.227,2.608,7.74,11.718,7.901976088,4.58,4.02,4.936198869,11.392,7.159,8.925,6.283253344,5.936177706,4.360142308,3.880954939,5.459,4.569274017,7.517,7.699,10.367,8.126,3.069,10.749,12.117,6.915,13.832,4.078,13.13,2.841,1.666,0.712,6.963,0.7,8.332655433,2.303,8.565,2.038,19.271,21.6,8.486151657,4.492583474,4.856837174,9.17,6.051884324,5.586477093,15.887,5.167802512,13.711,2.763,14.454,4.607,13.411,10.0,5.896,1.491,11.21868155,3.733,5.639884969,34.5,1.269,6.331,0.772,12.09023816,29.936,5.751,2.646,9.863,9.26,4.915,3.2,4.886111986,23.083,18.619,1.378,3.836,7.232,4.394,3.737,10.608,7.718,7.224640028,4.342,9.450068141,0.6,6.297,5.11,3.712,2.871,9.935,5.097866675,13.46,2.974,4.64,4.417,10.433,4.226376648,7.393523292,11.853,0.87,5.63,13.261,11.438,6.520643687,4.769,14.603,2.751,3.41,2.136,4.159,7.1,18.947,13.7,6.251156063,11.939,6.251156063,9.285678766,14.393,10.63,12.421,7.4,8.941,23.204,7.382,0.727,3.376243981,11.49157611,3.789,3.404,16.5,12.2,8.502367728,3.408,12.10263759,3.36,6.520643687,6.251156063,14.21,15.476,6.888,3.279,3.418,11.32,5.379903984,9.362,4.511,13.3,20.503,11.15,11.247,2.29,8.285,6.125421496,4.123,10.83,19.821,12.0,6.385
1999,7.479567296,7.953,4.554082597,16.392,20.835,12.04937986,2.197,14.05,11.2,6.876,4.707,10.9,3.146,8.649,0.951,2.55,3.082,14.1,1.174,7.45,24.572,12.8,12.84,2.3,11.125,10.61,5.46,1.4,18.231,5.593,7.583,10.41708659,3.053,5.919,11.158,3.25,4.421,7.596,3.206,20.096,20.06,4.558,13.161,5.9,12.09372369,6.26,5.532,8.702,8.854,26.955,5.142,6.305,28.545,3.46352455,7.070439227,3.649299824,11.54316646,10.60302453,4.642,7.95,10.49013254,5.683,15.475,11.573,3.714,10.19369364,5.972761102,11.693,4.709,11.981,17.599,6.042,13.8,10.1,4.488,9.643,3.558,8.002,12.138,2.566,13.95,11.785,7.785917745,6.25,3.85,5.08317105,13.559,7.2,6.929,6.564900923,6.181397457,4.449514276,3.878639536,6.358,4.699783684,7.682,5.804,11.176,8.042,2.178,11.183,11.681,6.875,13.759,4.677,13.46,2.877,1.768,0.727,6.342,0.7,9.090097737,2.165,8.735,2.021,19.306,18.09,9.429317792,4.593169357,4.974040895,8.88,6.17958375,5.789677396,16.145,5.410896312,13.388,2.39,13.79,6.348,13.94,11.14,5.82,1.728,11.54176766,2.598,5.849767957,32.4,1.287,6.328,0.762,12.47462478,30.191,5.84,2.675,9.912,9.275,4.993,3.43,4.554962503,21.67,18.292,1.383,3.898,7.197,3.623,3.247,10.624,7.023,7.172166837,4.417,10.10065009,0.602,6.285,5.02,3.758,2.943,12.29,5.140699218,11.81,3.166,4.579,5.343,10.351,4.266431926,7.111901293,11.745,0.87,6.239,13.036,11.711,6.662048904,4.346,14.651,2.665,4.85,2.17,4.198,7.3,18.951,13.7,6.357521096,11.989,6.357521096,9.717275366,14.353,13.6,16.099,7.33,7.607,23.849,7.6,0.752,3.467532379,11.90869776,3.892,2.968,15.4,12.7,9.483322347,3.66,12.49022728,3.714,6.662048904,6.357521096,13.12,15.21,7.687,3.215,3.454,11.864,5.638393416,10.466,4.219,13.3,20.524,14.53,10.869,2.33,8.352,6.266603541,4.487,11.46,19.926,12.496,6.0
2000,7.422604875,7.955,4.610095622,16.502,19.023,12.52217018,2.25,15.0,11.097,6.288,4.694,11.78,3.145,6.586,0.865,2.681,3.27,16.218,1.138,7.235,25.473,12.171,10.808,2.442,10.892,9.35,5.532,1.652,15.88,5.546,6.829,12.41210949,2.658,5.357,10.491,3.26,4.835,7.534,3.224,19.854,20.52,4.402,13.116,5.08,11.52747811,5.45,4.766,8.764,7.917,26.862,4.476,6.432,29.77,3.419762586,7.150634671,3.5535743,10.89279904,9.775974445,4.8,8.98,9.503562017,5.724,13.785,13.36,3.502,9.823160242,5.962046032,11.135,4.705,10.218,17.827,5.558,10.82,10.456,4.591,9.639,3.576,8.033,11.345,2.605,15.32,11.901,7.14493572,4.92,3.881,5.130641589,16.064,8.441,6.563,6.527493104,6.149559722,4.456999044,3.755950786,6.078,4.766465217,7.856,4.318,11.699,8.095,1.936,11.102,10.834,6.807,13.7,4.748,12.75,2.876,1.873,0.746,4.063,0.8,9.166137507,2.057,8.594,2.035,19.168,16.49,9.453854418,4.651503066,5.044109151,7.74,6.287033933,5.805624798,16.143,5.262490995,15.931,2.345,14.211,6.874,13.58,8.539,5.8,1.97,12.04064495,2.646,5.862102672,32.2,1.347,6.324,0.731,13.07634101,30.249,5.985,2.831,9.903,9.132,5.034,3.0,4.275832391,20.3,17.986,1.426,3.87,7.188,2.725,3.458,10.622,6.13,6.763328896,4.396,10.36746485,0.597,6.322,4.965,3.77,2.92,16.314,5.179515666,10.08,3.147,3.806,7.61,10.625,4.363821788,6.529801168,11.608,0.87,6.969,10.581,11.805,6.795162604,4.57,14.869,2.648,3.7,2.402,4.081,6.96,18.781,12.6,6.344440246,12.205,6.344440246,9.819303644,14.4,12.975,18.546,6.92,5.466,24.518,9.589,0.792,3.423418716,11.16456347,4.151,2.389,14.972,11.75,9.536962953,3.596,13.09474711,4.12,6.795162604,6.344440246,12.1,14.94,6.495,3.127,3.52,11.707,5.586158907,12.627,3.992,12.286,20.792,13.99,10.469,2.26,8.321,6.131863477,4.732,11.561,19.841,12.93,5.682
2001,7.316976721,7.958,4.541772013,16.539,18.57,12.39031681,2.442,17.32,10.995,6.747,4.012,10.91,3.164,6.178,0.766,2.742,3.614,19.921,1.171,6.87,26.461,11.523,9.07,2.626,10.649,9.85,5.609,1.9,18.54,5.589,7.219,13.2204415,2.49,5.041,10.39,3.8,5.199,7.46,3.233,19.858,15.04,4.379,13.313,6.051,11.37445992,4.08,4.043,8.128,7.773,26.78,4.164,7.262,27.3,3.845306407,7.302236503,3.948720337,10.77848339,9.082946059,4.252,9.26,8.443018297,5.784,10.348,13.135,3.174,9.202803916,5.878165734,10.291,4.698,8.61,17.801,4.696,11.16,9.604,4.595,9.571,3.195,8.16,10.764,2.746,13.213,11.802,6.91493175,5.09,4.0,5.061331249,15.822,9.744,5.671,6.706910192,6.29146124,4.455761942,3.633280125,6.082,4.820941182,8.039,3.684,12.356,8.288,1.874,11.812,9.599,6.686,14.7,5.02,10.43,2.868,1.966,0.775,3.699,0.8,8.755201323,1.891,8.456,2.125,19.186,18.556,9.057420085,4.6917851,5.036084063,7.9,6.392019016,5.997797643,16.05,5.434643613,16.84,1.805,13.821,6.393,12.46,7.366,5.35,3.062,12.08193389,2.627,6.069877945,30.52,1.264,7.107,0.7,13.1329298,30.308,6.107,2.84,10.002,9.14,5.202,3.53,4.982141668,20.986,17.447,1.47,3.827,7.22,2.119,3.738,10.615,5.433,6.623254082,4.337,10.28975846,0.595,6.429,5.067,3.698,2.801,18.373,5.173112988,11.4,3.16,3.829,6.206,21.493,4.467791941,6.374062069,11.678,0.87,6.562,8.978,11.828,6.960491291,4.618,14.825,2.68,3.76,2.583,4.161,6.96,18.883,12.8,6.253478349,12.166,6.253478349,9.751299868,15.73,12.137,19.149,5.685,4.73,25.2,11.63,0.789,3.854455181,10.76176906,4.102,2.6,14.566,10.898,9.149289037,3.483,13.07523884,4.479,6.960491291,6.253478349,10.88,14.4,8.381,2.994,3.517,11.061,5.859213118,15.052,4.731,11.254,21.1,13.04,10.583,2.76,8.47,6.224805609,4.96,11.725,19.725,13.41,5.314
2002,7.278188123,7.939,4.361402039,16.342,17.891,12.38747513,2.657,19.59,10.872,6.375,4.86,10.04,3.18,6.91,0.69,2.855,3.967,18.11,1.184,9.05,27.414,10.837,10.04,2.606,10.641,10.32,5.695,1.851,21.272,5.625,7.665,13.75216596,2.924,5.309,10.168,4.24,5.516,6.711,3.165,19.656,14.481,4.369,13.434,6.396,11.90291741,3.31,3.336,7.281,8.482,26.761,4.274,6.779,25.9,4.162845768,7.595224299,4.249326073,10.81839052,9.096523598,4.825,10.01,8.697664309,5.814,11.146,10.026,3.061,9.552656255,5.866671362,10.423,4.77,8.702,17.372,5.037,12.59,8.698,4.549,9.965,3.222,8.245,10.346,2.748,11.39,11.81,7.225718595,7.28,4.02,5.030957604,15.053,11.044,5.608,6.955549904,6.486913689,4.445001758,3.428585358,6.604,4.897880936,8.248,4.216,12.8,8.636,2.988,12.888,9.211,6.654,15.3,5.386,9.33,2.903,2.07,0.853,3.046,1.1,8.968658694,1.785,8.225,2.211,19.198,20.39,9.401892825,4.785559036,4.999327543,8.76,6.46488931,6.212585488,16.045,5.625390154,13.008,2.621,13.829,6.267,11.59,6.845,5.52,4.142,12.20611785,3.003,6.304775849,31.94,1.297,6.902,0.685,13.24250159,30.277,6.2,2.906,10.076,8.205,5.229,3.48,5.976790857,21.51,17.079,1.807,3.618,7.523,2.554,4.022,10.655,5.282,7.134185614,4.374,9.608989921,0.597,6.419,4.84,3.615,2.754,19.895,5.14553773,11.94,3.12,4.497,9.393,27.465,4.558393694,6.764896957,11.71,0.87,8.112,7.875,11.557,7.160767399,5.265,14.767,2.808,5.65,2.635,3.901,6.2,18.893,13.8,6.161401345,12.116,6.161401345,9.363680539,17.63,11.233,18.541,5.927,4.965,25.734,10.94,0.768,4.176749247,10.55308396,4.085,1.82,14.148,10.1,9.51308671,3.326,13.14460312,4.837,7.160767399,6.161401345,10.39,14.55,10.358,3.021,3.5,10.136,6.199490808,16.648,5.783,10.224,20.617,16.17,10.817,2.12,8.654,6.470339344,4.978,11.842,19.658,14.125,5.007
2003,7.236415861,7.922,4.245706703,16.37,16.985,12.32564677,2.902,15.36,10.757,5.933,4.785,9.17,3.137,7.68,0.747,2.78,4.32,13.733,1.165,10.84,28.415,10.155,10.363,2.657,11.169,11.0,5.785,1.8,23.8,5.631,7.574,12.99949593,4.117,5.636,9.765,4.58,5.858,5.909,3.05,19.865,13.221,4.565,13.635,6.654,12.23214293,2.33,4.153,7.777,9.779,26.647,5.398,6.938,23.72,4.412582597,7.576837996,4.469910743,10.406538,9.115547028,5.662,10.91,9.03009418,5.784,11.283,11.288,3.002,9.661728467,5.738746146,10.469,4.739,8.307,17.129,4.807,11.51,7.722,4.651,9.93,3.284,8.265,9.839,2.807,9.691,11.532,7.34429075,7.86,5.3,4.982375671,13.924,12.184,5.79,7.07587948,6.574011014,4.415277608,3.277568324,6.658,4.924293362,8.397,4.478,11.528,8.965,3.997,13.505,8.869,6.563,14.5,5.251,8.78,2.86,2.165,0.909,3.348,1.3,8.792132288,1.646,8.048,2.406,19.002,22.18,9.25718988,4.86357282,4.936296123,8.22,6.559264008,6.309628276,16.019,5.861526254,12.875,3.675,12.061,5.995,11.92,6.378,5.01,5.201,11.90562132,3.455,6.415378921,36.69,1.206,7.488,0.683,12.8765292,30.318,6.768,2.869,9.817,8.314,5.151,3.61,6.154844958,22.068,16.719,2.146,3.594,7.6,3.593,4.221,10.677,4.745,7.259799858,4.653,9.906273541,0.595,6.393,4.15,3.527,2.627,19.37,5.123254307,11.78,3.13,6.132,6.814,23.004,4.459717981,6.848452225,11.748,0.87,6.95,8.21,11.751,7.290236456,5.563,14.766,2.774,5.93,2.256,3.879,6.9,18.914,15.2,6.092543731,12.118,6.092543731,9.622268741,16.36,10.351,17.55,6.481,5.555,26.229,10.28,0.728,4.429659848,10.29585697,3.964,1.54,13.751,9.239,9.382453306,3.409,12.80108084,5.18,7.290236456,6.092543731,10.48,14.51,10.542,3.051,3.6,9.057,6.320183864,16.661,5.989,9.185,19.967,16.78,11.119,2.25,8.71,6.572411817,5.04,12.013,19.728,14.701,4.736
2004,7.048157556,7.914,4.158426478,16.267,16.306,11.31370332,2.964,13.522,10.666,5.399,5.969,7.99,3.179,7.363,0.79,3.475,4.294,12.037,1.094,10.2,29.288,9.443,10.601,2.618,10.072,9.57,5.886,2.49,21.754,5.56,7.185,12.91998992,4.316,5.834,10.162,4.49,5.93,5.088,2.973,19.883,13.717,4.571,13.493,6.445,11.59664589,1.854,4.77,8.298,10.727,26.602,5.204,6.303,17.65,4.406295214,7.540603011,4.424818647,10.24270722,9.090064016,5.002,10.32,9.294491257,5.674,11.09,10.248,2.771,9.881792522,5.574568277,10.358,4.7,8.914,17.104,4.594,12.62,6.757,4.757,9.897,3.28,8.166,10.628,2.971,7.7,11.279,7.147434961,6.74,5.99,4.843160784,13.664,13.458,5.832,6.965683907,6.45947132,4.307706844,3.111158087,7.303,4.845648873,8.551,4.491,10.3,8.736,4.031,13.029,7.866,6.562,14.619,4.734,8.4,2.836,2.26,1.005,3.42,1.7,8.341583897,1.503,7.85,2.412,18.873,20.97,8.74272488,4.822403689,4.783134513,8.38,6.566686457,6.216589323,16.121,5.685540882,10.684,5.113,11.708,4.905,10.83,6.374,3.952,6.256,10.76344737,3.937,6.328448983,37.161,1.36,7.317,0.678,11.56068357,30.315,6.852,2.958,9.696,8.337,4.958,3.54,5.702859566,22.09,16.31,2.748,3.556,6.41,4.646,4.256,10.68,4.005,7.180116523,4.756,9.822395373,0.588,6.171,4.71,3.554,2.524,19.074,5.041734127,10.31,3.079,6.319,6.513,23.215,4.293574329,6.655792093,11.697,0.87,7.719,7.763,11.78,7.394112906,5.822,14.788,2.77,5.84,2.015,3.42,6.8,18.846,18.5,5.943774357,12.142,5.943774357,9.440331865,16.12,9.49,18.206,6.017,6.693,26.695,9.518,0.679,4.423955575,10.02778509,3.999,1.51,13.364,8.367,8.871150056,3.498,11.47498178,3.944,7.394112906,5.943774357,8.33,14.23,10.838,3.104,2.706,8.59,6.169844947,12.98,5.529,8.126,19.524,15.07,10.772,2.14,8.465,6.450218705,5.165,12.131,19.634,15.327,4.39
2005,6.874313957,7.914,4.144384102,16.268,15.966,11.13094214,3.12,11.506,10.577,5.036,5.682,7.26,3.15,8.44,0.86,4.0,4.25,10.083,1.044,10.2,30.213,8.748,10.91,2.6,10.551,9.08,5.993,3.1,19.847,5.53,6.758,12.0594308,4.437,5.764,9.34,4.52,6.041,4.4,2.948,19.796,11.062,4.597,13.471,6.749,11.28630778,1.95,5.481,7.927,11.167,26.605,4.83,6.587,15.27,4.484063153,7.540178057,4.472192304,9.707843889,8.73749163,3.779,11.049,9.13352401,5.689,9.146,8.033,2.497,9.625590045,5.232514378,8.384,3.886,8.882,16.91,4.751,13.81,5.817,4.899,9.878,3.221,8.12,10.074,3.06,7.0,11.066,6.816219116,5.58,4.909,4.678896362,12.598,14.589,7.189,6.93180274,6.405733108,4.195116421,3.03074534,7.945,4.719207769,8.697,4.343,11.813,8.596,2.547,11.342,7.731,6.596,14.8,4.446,8.13,2.739,2.358,1.067,3.482,1.457,8.019354975,1.35,8.247,2.403,18.613,18.7,8.218910201,4.769784882,4.619509358,7.67,6.623981508,6.222518113,15.994,5.608423328,8.325,4.488,10.033,4.158,11.01,5.633,2.62,7.394,10.88834916,3.558,6.349384352,37.32,1.325,6.923,0.67,11.76904931,30.31,7.015,3.029,9.538,9.524,4.931,3.53,5.259042143,22.105,15.77,3.1,3.69,5.37,5.873,4.381,10.652,3.807,6.82134341,4.64,9.640589612,0.582,6.041,4.87,3.795,2.386,17.746,5.000648674,11.35,3.032,7.582,4.825,20.016,3.788289667,6.37492035,11.718,0.87,7.174,7.124,11.901,7.481971262,6.051,14.791,2.685,5.59,1.879,3.724,7.22,18.873,20.85,5.832436152,12.145,5.832436152,9.207984797,16.47,9.263,16.276,6.515,7.486,27.208,8.816,0.67,4.503370163,9.365881886,4.151,1.35,12.995,7.46,8.324071544,3.448,11.70758941,2.572,7.481971262,5.832436152,7.95,12.872,10.636,3.192,1.9,7.18,6.16522437,12.009,5.084,7.074,19.449,10.663,10.701,2.077,8.132,6.366536661,5.214,12.216,19.557,15.9,4.626
2006,6.818581659,7.918,3.998829076,16.121,15.626,10.42902151,2.959,10.078,10.491,4.785,5.32,6.62,3.185,8.246,0.888,3.67,3.591,8.951,1.039,7.54,31.11,8.064,9.39,2.576,9.692,8.73,6.076,3.13,17.782,5.46,6.484,10.10509554,3.995,5.513,9.024,4.43,6.04,3.73,3.173,19.593,11.091,4.622,13.408,5.926,10.24146036,1.913,4.593,7.141,10.25,26.528,3.897,5.655,12.27,4.377534359,7.278207774,4.349527531,9.215857422,8.169581251,3.55,10.49,8.411020264,5.683,8.452,5.915,2.346,8.675653941,5.088838587,7.719,3.957,8.833,17.792,5.35,13.57,4.897,4.958,10.196,3.204,8.024,8.906,2.95,7.4,10.7,6.334746364,4.77,3.575,4.588639656,11.13,15.914,7.494,6.692297566,6.177017692,4.032661127,2.919876513,7.551,4.534866863,8.614,4.415,11.519,8.434,2.83,10.707,6.777,6.619,14.0,4.192,7.79,2.678,2.462,1.154,3.254,1.3,7.461952806,1.198,8.669,2.274,18.744,16.0,7.593890089,4.656414482,4.618012132,6.5,6.469003247,6.031221963,16.02,5.359383455,5.78,4.731,7.03,3.822,9.67,4.26,2.945,8.478,10.20793969,3.566,6.144390263,36.392,1.384,6.798,0.669,11.02248721,24.843,7.193,3.027,9.287,9.04,4.95,3.32,4.817322308,21.861,15.238,2.532,3.718,5.31,5.002,3.399,10.659,3.857,6.331618442,4.391,8.840170606,0.582,5.849,4.17,4.052,2.286,13.841,4.977104117,11.01,2.997,7.649,5.277,19.014,3.760417207,5.963458795,11.766,0.87,7.27,7.055,11.669,7.337240275,6.254,14.783,2.755,4.48,1.915,3.9,6.57,18.9,20.85,5.742163301,12.137,5.742163301,8.458492921,16.65,9.096,13.395,5.957,7.066,27.689,8.17,0.716,4.395949488,8.728973508,4.229,1.22,12.627,6.577,7.687025194,3.46,10.96232992,1.09,7.337240275,5.742163301,6.27,12.51,10.227,3.299,2.27,6.81,5.923594541,10.844,4.623,6.026,19.15,8.606,10.169,2.045,8.006,6.106013223,5.323,12.349,19.425,13.232,4.763
2007,6.765904149,7.908,3.967087485,16.08,15.966,10.05225611,2.925,8.47,10.394,4.381,4.909,6.33,2.4,7.459,0.902,3.3,4.045,6.878,1.019,7.88,28.984,7.408,8.51,2.615,9.28,7.41,6.169,3.7,16.99,5.419,6.156,7.810991318,3.641,5.204,8.427,4.35,6.308,3.063,3.401,19.899,11.204,4.688,13.325,4.557,9.89157138,1.788,3.946,5.316,8.658,26.423,3.801,5.158,13.79,4.356640374,7.181680562,4.300614518,8.688077868,7.250029398,3.142,8.8,7.526244672,5.696,8.232,4.592,2.344,7.495497462,5.009821172,6.854,4.103,8.009,18.258,5.262,13.28,5.092,4.834,10.383,3.202,7.974,8.351,2.825,8.3,10.891,5.721586125,4.01,3.211,4.536733801,9.909,16.8,7.406,6.493655446,6.010161864,4.017662269,2.75518653,8.06,4.591565489,8.534,4.98,10.772,8.646,2.251,9.379,6.076,6.614,13.1,3.888,7.26,2.65,2.558,1.257,3.013,1.5,7.135728383,1.066,8.98,2.223,18.708,14.0,7.207272653,4.7262573,4.653980748,5.97,6.337388224,5.938788442,15.905,5.096892358,4.25,4.065,6.052,3.27,9.56,2.749,3.2,9.537,9.689524991,3.628,6.042863083,35.231,1.366,6.472,0.673,10.55394945,19.4,7.2,3.065,9.455,8.475,4.876,3.23,4.783698698,22.11,14.758,2.027,3.767,4.89,4.153,2.493,10.672,3.661,5.876151773,4.3,8.199312501,0.398,5.743,4.08,3.434,2.171,9.602,4.933319804,10.93,2.98,7.966,4.713,18.282,3.731264679,5.546748759,11.74,0.52,6.413,6.002,11.661,7.290437318,5.734,14.769,2.796,3.9,1.975,4.018,6.41,18.834,18.06,5.697325711,12.121,5.697325711,7.93399047,16.098,9.005,11.16,4.828,6.161,28.24,8.42,0.829,4.375033337,7.63078077,3.822,1.18,12.254,5.705,7.293158206,3.409,10.49304833,1.182,7.290437318,5.697325711,5.54,12.365,10.285,3.024,2.675,6.351,5.839749538,9.403,4.622,4.99,18.927,7.279,9.935,2.026,6.852,5.898347104,5.426,12.483,19.39,10.563,4.997
2008,6.745309115,7.92,3.990419108,16.17,13.06,9.789338232,2.805,7.837,10.657,4.242,4.198,5.86,1.634,6.976,0.892,3.497,4.516,5.61,1.024,8.18,23.405,6.735,8.18,2.603,8.268,8.12,6.272,3.833,16.315,5.372,6.284,6.606433913,3.35,5.268,9.285,4.59,6.404,3.385,3.625,19.954,11.273,4.699,13.331,4.934,9.921752685,1.583,3.756,4.393,7.525,26.299,3.683,4.764,11.33,4.438840034,7.075999098,4.378732735,8.507601659,7.146838732,3.917,8.517,7.554272942,5.647,11.255,5.455,2.333,7.249070483,5.051282275,6.369,4.182,7.386,19.197,5.615,17.87,5.142,4.844,10.041,3.218,7.943,7.664,2.874,8.889,11.111,5.959997529,3.56,3.156,4.517441606,8.53,16.194,7.817,6.444193184,5.977985196,4.081649404,2.78705804,7.209,4.6734721,8.486,6.774,10.63,8.467,2.946,7.704,6.723,6.666,12.7,4.002,6.63,2.752,2.639,0.825,2.959,1.75,6.745134235,0.941,7.665,2.211,18.953,12.72,6.823277412,4.784471063,4.776550451,5.22,6.318354221,5.926745809,15.812,5.124602981,5.826,5.06,7.739,2.999,9.57,2.097,3.428,10.515,9.367208972,3.874,6.02127333,33.93,1.394,5.977,0.684,10.35510551,17.15,5.565,3.095,9.681,7.17,4.801,3.32,5.836905759,22.004,14.368,1.59,3.771,6.2,3.654,2.55,10.65,4.167,6.196844967,4.142,7.984100473,0.423,5.704,4.03,3.72,2.168,7.118,4.929744459,11.48,2.906,7.553,4.415,22.913,3.653079936,5.886784235,11.759,0.31,5.788,6.205,11.601,7.285259858,5.085,14.8,2.813,3.96,1.996,4.14,5.88,18.88,13.67,5.694224362,12.15,5.694224362,7.771445656,15.573,8.832,9.514,4.379,6.235,27.847,10.94,0.904,4.459390477,7.347955172,3.286,1.18,11.869,4.846,6.900079138,3.367,10.2542368,1.254,7.285259858,5.694224362,4.63,12.444,10.965,2.775,3.049,6.363,5.812991867,8.026,5.784,4.89,18.79,6.245,10.008,1.889,5.658,5.935050179,5.538,12.647,19.507,7.93,5.374
2009,6.855172565,7.914,4.035142186,16.392,13.674,9.439712573,2.919,8.645,10.993,5.565,5.371,5.74,1.618,7.908,0.947,3.715,5.0,6.817,1.074,14.25,24.068,6.1,8.335,2.973,9.419,10.02,6.397,3.96,16.169,5.463,8.46,8.485369675,4.109,6.628,11.313,4.72,6.586,3.742,3.879,19.854,12.066,4.724,13.517,7.824,11.6194168,1.67,5.594,6.662,7.742,26.436,6.409,5.467,10.16,4.422545668,7.161596778,4.458613292,10.01285226,8.991706085,4.608,9.087,9.60094856,5.722,17.857,13.548,2.331,9.175362942,5.138674546,8.25,4.302,9.122,19.754,7.537,20.71,5.349,4.991,9.769,3.21,8.098,9.546,3.209,9.3,11.42,8.055383459,5.26,3.292,4.58813749,9.202,15.342,10.03,6.747869691,6.230300754,4.153032764,2.845962597,6.106,4.755219831,8.406,12.609,12.113,8.41,7.22,9.534,7.749,7.314,12.9,5.068,6.55,2.813,2.738,0.579,3.363,1.64,7.741133673,0.833,6.355,2.236,19.18,15.37,7.794981436,4.899813647,4.688970608,5.85,6.342687501,6.105292525,16.089,5.552509982,13.785,5.122,17.515,3.58,8.96,3.024,3.883,11.697,9.539645371,5.356,6.223284079,32.351,1.398,6.896,0.696,10.51243979,19.09,5.86,3.182,10.155,7.257,4.74,3.66,9.169516749,22.253,13.97,1.212,3.751,8.16,4.347,3.103,10.64,6.121,8.356975537,3.991,9.533009416,0.535,5.849,3.96,3.858,2.088,8.167,4.990837462,15.0,2.895,9.432,5.46,20.452,3.606332376,8.041946587,11.968,0.31,6.859,8.301,11.694,7.280429992,5.377,13.0,2.807,5.86,2.02,4.282,7.33,18.926,16.116,5.778319102,12.319,5.778319102,9.151468771,15.4,8.72,12.023,5.869,8.351,27.404,8.14,0.903,4.443177321,9.00867263,2.853,1.49,11.5,4.0,7.874510931,3.295,10.43140069,1.41,7.280429992,5.778319102,5.28,13.291,14.026,2.5,3.6,8.84,6.138169387,7.74,9.254,5.04,19.378,6.097,11.3,1.737,4.565,6.512928909,5.646,12.753,20.512,10.581,5.469
2010,7.269673054,7.914,4.029018168,16.598,14.086,9.554766287,2.789,7.714,11.279,5.214,4.883,5.63,1.612,8.293,1.04,3.723,3.379,10.279,1.13,14.431,27.312,6.054,8.424,2.609,8.424,10.69,6.476,3.32,17.86,5.585,8.178,9.897682632,4.808,6.97,8.547,4.53,6.614,4.11,4.096,19.379,11.153,4.692,10.67,7.171,11.70262563,2.5,6.36,7.281,6.967,26.469,7.747,5.212,9.96,4.161386584,6.972692614,4.212991603,9.378626811,9.051369001,4.088,8.757,10.15948891,5.839,19.86,16.707,2.299,9.855005845,5.222054421,8.394,4.342,9.279,20.39,7.787,20.203,5.384,5.129,9.673,3.197,8.292,12.719,3.497,8.2,11.758,8.211227954,4.329,4.119,4.803760443,11.62,15.255,11.172,6.512495802,6.021500523,4.081306946,2.901691749,5.614,4.628521799,8.318,14.534,13.679,8.262,7.564,8.48,8.363,7.63,12.5,5.103,5.77,2.793,2.856,0.771,3.324,1.82,7.122514084,0.708,6.77,2.266,19.208,17.116,7.204264592,4.786184025,4.839336594,4.784,6.181045964,5.904780433,16.044,5.227793066,17.814,4.361,19.482,2.84,9.09,2.972,4.28,10.851,9.736409308,5.303,5.994975114,33.135,1.382,6.861,0.707,10.77953453,19.649,6.549,3.24,10.054,7.654,4.787,3.39,9.476647864,22.12,13.95,0.721,3.739,7.83,4.989,3.521,10.629,6.557,8.50112711,3.925,9.829122426,0.653,5.873,3.6,3.605,2.002,9.637,5.203162043,16.1,2.825,10.771,4.569,21.416,3.517592821,8.317776938,12.143,0.45,6.959,7.369,11.7,7.047644336,5.55,15.156,2.798,4.12,1.622,4.427,4.893,18.973,19.204,6.02867398,12.35,6.02867398,9.365170513,14.66,7.15,14.387,7.248,8.61,26.753,8.61,0.873,4.179563624,8.586076442,2.385,0.622,10.844,4.0,7.246657183,3.301,10.69077337,1.517,7.047644336,6.02867398,4.033,13.049,11.879,3.029,3.619,8.1,5.859651511,7.158,9.633,5.36,19.951,7.112,11.501,1.114,4.683,6.388113301,5.62,12.778,23.181,13.19,5.456
2011,7.145734462,7.916,4.001802834,16.77,13.481,10.67370251,2.568,7.18,11.534,5.083,4.637,5.42,1.599,7.14,2.647,3.827,3.73,11.26,1.209,14.52,27.582,6.024,8.434,2.255,7.578,11.19,6.537,3.23,18.062,5.551,7.637,9.788939585,4.409,7.192,7.492,4.55,7.145,3.989,4.315,19.51,10.288,4.726,10.947,9.518,12.03461745,3.18,7.942,6.712,5.825,26.399,7.769,6.087,9.96,4.111932301,6.829312847,4.125582559,8.743954345,8.786740813,3.458,11.849,10.22661501,5.755,21.391,12.328,2.274,9.897236073,5.268809576,7.781,4.406,9.228,19.929,8.038,19.632,4.227,5.123,10.269,3.144,8.234,17.973,3.171,13.3,11.977,7.840116262,3.422,4.475,4.768558316,13.678,14.482,11.029,6.371760964,5.911608439,4.116306919,2.931577321,5.153,4.666830506,8.222,15.354,12.491,8.186,7.028,7.139,8.359,8.034,12.9,4.55,5.39,2.706,2.962,0.577,2.992,2.056,6.633480397,1.055,7.333,2.208,19.43,18.86,6.70268613,4.889940111,4.884443848,4.118,6.236980829,5.819667729,16.098,5.096396135,15.39,4.902,16.206,2.56,8.91,2.677,2.518,10.01,10.26817563,5.175,5.900092996,31.502,1.408,6.388,0.723,11.51137205,19.759,4.769,3.279,9.956,7.447,4.835,3.05,8.806981959,19.479,13.937,0.317,3.77,6.617,4.977,3.215,10.653,6.491,8.10125157,3.928,9.392630255,0.796,4.049,3.477,3.592,2.62,9.632,5.265980812,15.7,2.903,12.682,4.67,17.597,3.460737852,8.027021769,12.273,0.56,7.177,6.536,11.801,7.004495812,5.77,17.44,2.853,3.89,1.297,4.554,4.297,19.021,22.959,5.945452036,12.48,5.945452036,9.082994265,14.196,7.54,13.634,8.182,7.804,25.994,8.612,0.899,4.128356766,8.027521393,1.982,0.66,10.187,4.002,6.723199179,3.533,11.457439,1.606,7.004495812,5.945452036,3.425,18.334,9.789,3.47,3.528,7.851,5.653923458,6.307,8.949,4.96,20.03,6.902,11.778,0.999,4.819,6.239948912,5.68,13.277,21.416,10.546,5.368
2012,6.949655755,7.909,4.018677223,16.557,13.376,11.07429323,2.266,7.217,11.704,5.225,4.909,5.19,1.591,7.542,2.415,3.852,4.075,12.27,1.2,14.02,28.01,5.97,8.38,2.066,7.251,11.59,6.615,2.05,17.949,5.52,7.392,9.978845954,4.491,7.993,6.79,4.58,7.223,3.837,4.485,19.573,9.959,4.767,11.137,9.11,12.15521918,3.46,12.097,6.979,5.379,26.252,7.798,6.722,10.97,4.050216412,6.881221965,4.056147621,8.490238195,9.005722071,3.235,12.597,11.42160453,5.649,24.788,10.021,2.255,10.86973352,5.349385799,7.689,4.375,9.841,19.713,7.885,19.653,3.141,4.891,10.346,3.207,8.116,24.731,2.765,12.2,12.231,7.750868352,3.285,3.755,4.589996619,15.935,14.1,11.003,6.265758038,5.891612184,4.449505159,3.963645973,4.468,4.67634029,8.156,15.451,12.275,7.965,6.0,6.762,10.655,8.695,12.2,4.358,5.29,2.686,3.07,0.496,2.812,2.234,6.365355852,1.398,7.91,2.138,19.03,19.06,6.417977781,4.882005045,4.984489017,3.88,6.37782767,5.832866796,15.733,5.011768594,13.365,5.14,15.047,1.97,8.99,2.19,0.599,9.142,10.60023589,4.892,5.906672753,31.096,1.49,6.203,0.742,12.0385005,19.808,3.905,3.305,9.865,7.472,4.951,3.1,7.995551614,16.771,14.053,2.177,3.76,5.208,5.821,3.123,10.654,6.931,8.084112133,3.727,9.39920584,3.667,3.717,3.238,3.504,2.627,10.088,5.179597314,14.5,2.92,15.531,4.086,19.202,3.564009637,8.083129427,12.146,0.48,6.794,5.436,11.72,7.267612827,5.622,17.068,3.887,3.72,0.987,4.56,3.843,19.078,24.0,5.834834254,12.754,5.834834254,9.122330608,13.59,8.1,13.966,8.852,7.976,25.118,13.8,0.893,4.065624264,7.567949834,2.028,0.58,9.519,3.997,6.431899283,3.767,11.97326138,1.647,7.267612827,5.834834254,3.718,17.63,9.21,3.223,3.551,7.529,5.560963269,6.451,8.069,4.87,19.846,6.601,11.84,1.027,4.949,6.229497661,8.752,13.44,21.786,7.85,5.057
2013,6.841766769,7.919,3.713669518,16.487,15.866,11.06112319,2.074,7.1,11.948,5.663,5.367,4.97,1.584,8.425,2.113,4.055,4.426,12.941,1.182,16.18,27.49,5.946,8.349,2.437,7.071,11.55,6.734,2.87,18.203,5.56,7.143,10.04677114,4.747,8.531,6.361,4.6,4.255,3.687,4.474,19.902,9.246,4.79,11.386,8.218,12.55035112,3.29,16.131,6.953,5.231,26.211,7.384,7.352,9.82,4.050969483,6.82003452,4.04095069,8.458646214,9.205237073,3.083,13.154,11.97724293,5.61,26.094,8.631,2.251,11.32246312,5.348412243,8.193,4.356,9.913,19.788,7.525,19.416,2.173,4.977,9.468,3.226,8.039,27.686,3.017,11.5,12.528,7.658346318,3.4,5.646,4.35424583,17.251,13.639,10.177,6.25587282,5.845238652,4.284043415,3.678251642,4.336,4.567180208,8.088,13.735,10.595,9.208,5.376,6.137,12.149,9.698,12.6,4.038,5.2,2.764,3.146,0.438,2.747,2.476,6.285325665,1.755,8.423,2.072,19.316,22.21,6.375011319,4.857093629,4.840439502,4.186,6.311862621,5.776603969,15.907,4.993866185,11.77,5.848,11.867,1.82,9.23,1.894,0.995,8.298,10.31331708,4.921,5.85922362,29.017,1.54,6.115,0.753,11.783206,19.585,4.231,3.338,9.931,7.322,4.978,3.16,7.349639762,19.028,14.348,1.4,3.711,5.28,7.243,3.423,10.667,5.839,7.974449277,3.516,9.595139409,2.954,3.707,3.575,3.497,2.682,10.326,5.022143855,14.3,2.93,16.188,4.385,19.894,3.447754144,7.967140504,12.03,0.28,7.096,5.458,11.802,7.17849501,5.6,16.414,4.989,3.86,0.694,4.538,3.693,18.995,22.154,5.659245736,12.578,5.659245736,9.317980776,13.711,6.6,14.227,10.116,8.052,24.435,14.479,0.942,4.066344916,7.624733456,2.083,0.249,8.86,3.999,6.390466911,4.011,11.70832902,1.758,7.17849501,5.659245736,2.683,15.934,9.713,2.93,1.91,7.17,5.522309336,6.444,7.375,4.86,19.347,7.54,12.274,1.316,5.057,6.168187573,8.772,13.638,22.038,8.042,4.944
2014,6.807348145,7.915,3.89193491,16.401,18.055,11.07892387,1.962,7.268,12.201,6.078,5.674,4.91,1.572,8.523,1.892,4.254,4.406,11.424,1.146,13.8,27.517,5.911,8.244,2.021,6.755,12.17,6.862,2.63,18.518,5.685,7.023,8.861066257,4.826,8.285,6.761,4.63,3.275,3.534,4.446,19.781,8.799,4.88,11.67,8.499,12.23364541,2.7,16.277,6.108,4.981,26.217,6.925,6.719,10.207,4.047080206,6.722652561,4.022777303,8.85053645,8.889710864,3.48,13.105,11.62940424,5.652,24.442,7.352,2.364,10.82011993,5.493374629,8.663,4.325,10.273,19.922,6.11,17.439,4.412,5.108,8.224,3.316,8.044,26.708,2.717,7.6,12.887,7.071704341,3.296,7.078,4.368251054,17.29,13.766,7.725,6.221271347,5.791238386,4.175659737,3.328571301,4.049,4.569676541,7.992,11.858,10.68,10.59,4.897,5.789,12.683,9.046,11.9,3.589,5.06,2.768,3.253,0.692,3.082,2.9,6.090298141,2.117,8.796,2.079,19.298,21.592,6.177751325,4.816541453,4.810243488,4.157,6.205097214,5.742343246,16.056,4.922622346,10.698,5.852,10.846,1.67,9.7,1.451,1.385,7.461,10.39145258,4.819,5.825808477,28.215,1.492,5.737,0.749,11.9262888,18.054,4.798,3.378,10.03,7.467,4.966,2.88,6.261363734,18.521,14.59,0.524,3.903,4.52,7.416,3.484,10.647,5.428,7.4027194,3.43,9.325384473,1.827,4.415,3.208,3.6,2.524,8.99,5.005775316,13.9,2.883,13.897,5.034,20.527,3.423402077,7.444010125,11.886,0.2,6.802,5.16,11.858,6.989479696,5.877,15.558,5.842,3.74,0.728,4.678,4.154,18.847,19.223,5.710144482,12.462,5.710144482,9.073359756,13.619,6.94,11.537,9.692,7.954,23.817,14.768,0.926,4.063099281,7.562642734,2.142,0.576,8.206,4.011,6.20334924,4.228,11.84457417,1.924,6.989479696,5.710144482,2.477,14.259,9.901,2.125,2.404,9.27,5.540023992,6.547,6.168,5.09,19.229,6.821,12.36,1.256,5.15,6.017209294,8.72,13.467,22.606,8.131,4.774
2015,6.896302943,9.011,4.189575147,16.491,17.193,11.19409154,1.792,7.58,12.468,6.055,5.802,4.96,1.444,8.482,1.855,4.468,4.382,9.143,1.166,12.0,27.695,5.881,7.578,3.111,8.538,9.803,7.694,2.45,18.939,5.871,6.945,7.818147778,4.801,7.901,6.605,4.65,2.574,3.52,4.456,20.2,8.572,4.972,11.905,8.415,11.57589477,2.4,15.026,5.048,4.624,26.095,6.278,7.605,11.206,4.122043695,6.870491635,4.090295684,8.837480423,8.50700447,3.616,13.052,10.89331717,5.793,22.058,6.412,2.45,10.02289352,5.579313526,9.376,4.292,10.354,19.994,5.301,16.506,6.806,5.251,7.271,3.224,8.178,24.981,2.506,6.9,13.273,6.582533759,3.314,6.147,4.529974507,16.175,13.745,6.813,6.34203966,5.94851454,4.49264005,4.066262211,4.514,4.692180353,7.894,9.908,11.166,10.838,3.979,5.176,11.896,8.824,13.075,3.385,4.93,2.763,3.346,0.393,3.546,2.2,6.686151135,2.491,9.27,2.553,19.649,20.851,6.673291245,4.914587627,4.922013415,4.519,6.326218684,5.913658292,16.223,5.094669126,9.12,6.669,9.873,1.81,9.46,1.781,1.785,6.612,10.64476348,4.311,6.003464432,26.395,1.406,5.389,0.766,12.40015357,17.555,4.861,3.426,10.109,7.41,4.95,3.1,5.461598614,20.799,13.637,0.558,4.137,4.7,6.873,4.296,10.655,5.415,6.854200911,3.392,8.923618001,3.566,4.37,3.272,3.068,2.487,7.501,5.091996359,12.0,2.902,12.447,4.556,23.005,3.409228253,6.870810322,11.776,0.17,6.812,5.571,11.849,7.102824595,5.6,14.512,6.757,3.79,0.735,4.621,3.998,18.444,17.66,5.882388422,12.355,5.882388422,8.679809688,13.598,7.22,11.492,8.975,7.432,23.279,14.29,0.968,4.13892318,7.538326768,2.204,0.597,7.554,4.023,6.725581993,4.45,12.2931248,2.028,7.102824595,5.882388422,2.428,15.159,10.304,2.162,2.788,9.14,5.758061226,7.488,5.28,5.15,19.121,6.138,12.146,1.849,5.255,6.049946517,8.9,17.9,22.869,8.316,5.383
2016,7.042617342,10.1,4.127634729,16.58,15.418,10.90693981,1.64,8.083,12.732,5.711,6.064,5.0,1.356,7.83,1.835,4.594,4.35,7.575,1.195,12.7,25.408,5.844,7.0,3.498,11.58,8.247,8.521,2.737,19.343,5.904,7.038,6.488814571,4.918,7.442,6.926,4.56,1.896,3.534,4.548,20.524,8.922,5.042,12.075,8.085,11.52987296,2.0,13.006,3.952,4.122,25.999,5.989,7.284,10.202,4.039046055,6.77289623,4.000903989,8.916272676,8.039304105,4.597,12.45,10.03263489,5.83,19.635,6.882,2.566,9.10694846,5.707683068,8.818,4.32,10.057,20.165,4.81,16.604,5.237,5.019,6.299,3.192,8.232,23.514,2.583,5.4,13.563,6.139405832,3.392,6.727,4.495677424,13.103,13.888,5.115,6.435175869,5.992861263,4.381742898,3.73633855,4.301,4.681855567,7.8,8.374,12.618,10.82,2.978,4.723,11.688,8.634,15.275,3.132,4.96,2.757,3.466,0.716,3.65,2.16,7.88061152,2.88,9.76,3.081,19.5,19.928,7.729381406,4.996770361,5.021456168,4.243,6.172352011,5.979543544,16.139,5.263837977,7.862,6.291,9.643,1.939,9.3,1.591,1.944,5.77,10.69882371,3.853,6.067978873,24.312,1.367,4.694,1.043,12.54998142,17.732,7.235,3.48,10.286,6.814,5.003,3.44,5.105208066,23.352,12.714,0.555,4.498,3.9,6.006,4.679,10.684,5.147,6.438662833,3.266,8.590134288,2.286,4.758,3.741,2.695,2.453,6.161,5.176952569,11.8,2.925,11.068,5.255,23.939,3.400398783,6.407779979,11.699,0.15,5.901,5.559,11.805,6.90657999,5.6,13.812,4.455,4.08,0.735,4.312,4.418,18.372,15.257,5.951420052,12.876,5.951420052,8.431813637,13.65,7.917,9.679,8.007,6.99,22.718,13.867,1.044,4.054510405,7.373349966,2.963,0.688,6.9,4.034,7.813441902,4.657,12.4349892,2.048,6.90657999,5.951420052,3.207,15.557,10.899,2.237,3.167,9.35,5.987851062,7.841,4.869,5.16,19.01,5.319,12.247,1.848,5.262,6.009190665,9.062,18.382,24.023,8.418,5.893
2017,7.145377009,11.184,4.203684225,16.617,13.616,11.17032375,2.462,8.347,12.968,5.592,5.561,5.0,1.258,7.086,1.722,4.66,4.372,6.164,1.196,9.8,20.527,5.648,6.596,3.655,12.792,8.622,9.316,3.039,19.678,5.969,6.426,5.292481845,4.797,6.865,7.29,4.47,3.273,3.581,4.637,20.887,9.086,5.04,12.24,7.729,10.95603107,1.7,11.155,2.893,3.746,26.064,5.833,5.832,12.0,3.917697976,6.705186877,3.871916717,8.825141036,7.437449486,3.836,11.767,9.0570647,5.879,17.224,5.807,2.678,8.122745912,5.912088654,8.64,4.328,9.41,20.351,4.33,13.939,3.369,4.815,5.162,3.137,8.329,21.414,2.462,5.417,13.813,5.592598834,3.124,5.528,4.529065015,11.208,13.929,4.156,6.383839321,5.991783788,4.592884078,4.338430518,3.783,4.709951069,7.723,6.713,12.232,13.02,2.742,4.14,11.211,7.399,18.12,2.822,4.9,3.54,3.568,0.141,3.653,2.223,8.201280641,3.269,10.236,3.066,19.015,19.136,8.020497262,5.078756632,5.116501009,4.046,6.213802202,6.002304344,16.391,5.254758255,7.073,5.522,8.715,1.987,9.229,1.622,2.113,5.376,10.8825294,3.419,6.085779213,22.857,1.494,4.008,1.356,12.74880588,16.082,6.359,3.543,10.336,6.752,5.033,3.41,4.581312112,21.739,11.676,0.564,4.826,3.3,4.839,4.162,10.66,4.736,5.911475681,2.524,8.20923721,3.193,5.395,3.691,2.552,2.544,4.888,5.454645005,10.8,2.846,8.869,6.138,25.677,3.402275245,5.839999234,11.554,0.14,4.927,5.212,11.875,6.94875788,5.89,13.206,4.078,4.2,0.727,3.848,4.385,18.545,13.477,6.048593977,13.079,6.048593977,8.0639818,13.811,7.883,8.142,6.573,6.718,24.83,13.67,1.116,3.932713104,7.027924424,3.744,0.83,6.9,4.045,8.121967339,4.212,12.61593635,2.132,6.94875788,6.048593977,3.385,15.33,10.919,2.313,3.643,9.5,5.986680077,7.89,4.355,5.83,18.988,5.045,11.955,1.874,5.288,5.916040592,9.4,18.564,23.992,8.518,6.347
2018,7.110552656,11.206,4.224509072,16.599,12.304,10.72107309,2.236,9.221,13.212,5.3,4.933,4.9,1.157,5.948,1.473,4.695,4.532,5.212,1.202,10.0,18.4,4.763,7.899,3.519,12.33,8.322,8.7,3.35,19.679,5.896,5.837,4.311316461,4.713,6.324,7.647,4.31,2.851,3.619,4.661,20.938,9.36,5.018,12.17,9.01,11.16915303,1.7,8.504,2.246,3.384,26.18,5.131,5.861,12.15,3.810221468,6.730783871,3.752172051,8.483613678,6.838216837,3.53,9.855,8.161432554,5.758,15.255,5.412,2.825,7.255025892,5.895371641,7.361,4.34,9.018,20.502,3.996,12.667,3.251,4.771,4.127,3.196,8.256,19.179,2.283,5.447,14.019,5.08435186,2.805,5.622,4.428793203,8.432,13.937,3.709,6.25400487,5.905050234,4.68166856,4.818081616,4.387,4.619283069,7.652,5.741,12.195,13.509,2.704,3.917,10.61,5.47,18.257,2.467,4.85,4.284,3.673,0.13,3.824,2.198,8.060541858,2.896,10.741,3.057,18.836,19.329,7.924876122,4.971951924,5.046040544,4.318,6.140595344,5.930553398,16.637,5.034644265,6.147,5.585,7.412,1.834,9.282,1.239,2.289,4.959,10.50543527,3.275,6.015613428,21.208,1.62,3.665,0.767,12.28989034,15.19,5.377,3.602,10.438,6.427,5.003,3.3,4.10845195,19.877,11.702,0.546,5.065,5.2,3.831,3.8,10.63,4.335,5.474381637,1.8,7.850623538,4.083,5.218,3.492,2.338,2.604,3.846,5.45137894,9.2,2.784,6.994,6.217,26.256,3.394108666,5.291755208,11.553,0.11,4.187,4.846,10.759,7.006307596,6.029,12.605,3.567,3.613,0.723,3.193,4.006,18.783,12.733,6.035806878,12.918,6.035806878,7.831666212,13.878,7.685,6.544,5.116,6.365,26.983,13.554,1.135,3.824683697,6.580810135,2.903,0.766,6.898,4.051,8.028883578,3.732,12.14577218,2.248,7.006307596,6.035806878,3.49,15.459,10.956,2.409,3.42,8.799,5.91811073,8.336,3.896,5.391,18.968,5.463,12.137,1.161,5.326,5.758998078,9.512,17.644,24.218,5.031,6.792
2019,7.308025245,11.224,4.247435264,16.497,11.466,10.27431906,2.331,9.843,12.2,5.159,4.56,5.0,1.053,5.36,1.402,4.701,4.693,4.23,1.226,10.011,15.692,4.165,9.053,3.682,11.936,8.413,6.6,2.72,20.094,5.978,5.69,3.777549761,4.394,6.17,7.533,4.56,2.401,3.646,4.642,20.608,10.28,5.1,12.118,10.807,10.85379919,1.2,7.155,2.015,3.136,26.246,5.018,6.356,12.285,3.899821501,6.272909794,3.821090695,8.976905414,6.597058004,3.812,7.851,7.50905547,5.789,14.104,4.514,2.945,6.677522712,5.917920345,6.695,4.38,8.415,20.426,3.737,11.565,3.156,5.018,4.532,3.219,8.367,17.045,2.193,5.402,13.525,4.760799744,2.917,5.551,4.422293533,6.617,14.133,3.419,6.038657675,5.762469787,4.812007913,5.202350789,3.59,4.633038957,6.51,4.95,10.74,14.142,3.507,3.731,9.952,4.987,16.801,2.351,4.8,5.014,4.252,0.12,3.746,2.239,8.099781976,2.528,11.301,3.072,19.037,15.613,7.989709833,4.987018692,5.046499507,4.67,5.641252035,5.794629035,16.876,5.177412249,6.255,5.595,6.312,1.749,9.21,1.502,2.46,4.562,9.861892604,3.477,5.867981765,17.414,2.414,3.627,0.407,11.52124084,15.128,9.269,3.632,10.416,6.331,4.949,3.26,3.89210241,19.945,10.881,0.544,5.206,5.47,3.38,3.687,10.578,4.109,5.395477256,2.052,7.576991982,4.83,6.332,3.379,2.237,2.599,3.277,5.511279631,8.3,2.838,6.464,6.595,25.34,3.412489806,4.94309386,11.536,0.1,3.912,4.496,11.236,6.234010127,5.636,12.014,2.863,3.1,0.746,3.204,4.17,18.828,10.395,6.170664903,12.642,6.170664903,7.573509016,13.998,7.545,5.761,4.448,6.833,29.049,13.393,1.081,3.914813008,6.633553834,2.056,0.716,6.898,4.055,8.105681746,3.129,11.3735619,2.164,6.234010127,6.170664903,3.523,17.153,13.73,2.518,3.185,8.194,6.046336077,8.734,3.669,4.945,19.22,5.887,12.259,1.681,5.445,5.588268096,9.601,17.303,25.538,5.539,7.373
2020,7.734146422,11.71,4.69756002,16.676,12.79,11.31704169,4.294,11.461,12.18,6.456,5.201,7.24,1.03,5.555,1.565,4.985,5.828,5.125,1.767,12.804,15.868,4.049,10.7,7.903,13.697,9.756,7.409,5.03,21.017,6.556,9.657,4.369846017,4.817,6.611,11.006,5.0,2.559,3.866,5.369,22.373,15.983,5.884,14.66,16.432,13.3486084,1.4,7.755,2.551,3.856,27.645,5.637,6.126,14.04,4.369363013,7.311000111,4.301646235,9.129007463,7.055576885,6.127,7.974,7.826107387,6.307,15.532,6.956,4.024,7.045686185,6.693362368,7.759,4.623,8.01,21.273,4.472,11.73,3.285,5.993,5.858,3.614,9.075,15.899,2.953,6.227,15.701,6.455134674,5.808,10.679,5.148001319,7.507,15.56,4.25,6.904843405,6.609138406,5.625786929,6.037452316,4.255,5.436627643,7.859,5.623,9.687,15.776,5.478,4.169,9.164,6.501,19.213,2.809,4.89,5.621,4.63,0.172,3.931,3.535,10.24554471,2.314,13.235,4.092,19.535,25.225,10.18752132,5.767376086,5.75093986,5.365,6.699171233,6.618602292,18.351,5.914116581,8.487,6.773,8.098,2.566,11.203,1.206,3.246,5.404,10.55859505,4.441,6.706538212,16.575,3.528,4.357,1.476,12.0728449,17.878,6.594,3.877,11.01,8.627,5.681,4.54,8.231047207,20.966,13.558,0.62,5.712,6.167,3.819,4.422,13.157,4.595,7.147424024,2.94,9.119765001,6.162,14.183,7.179,2.522,2.814,3.162,6.040919377,8.89,3.029,6.796,7.548,25.895,3.402411015,6.712897897,12.879,0.14,5.035,5.589,11.829,7.552187743,7.45,12.368,3.405,4.1,0.852,3.485,5.008,19.35,9.011,6.606155056,14.204,6.606155056,9.055985154,15.183,8.726,6.719,4.974,8.291,34.232,15.176,1.693,4.388250264,7.127509467,2.211,1.099,7.176,4.489,10.34288748,2.792,11.92934697,2.675,7.552187743,6.606155056,4.206,17.576,13.148,2.781,3.914,9.475,6.712480902,10.33,8.055,5.293,20.563,7.53,14.836,2.103,4.046,6.588667318,10.214,17.972,24.339,6.032,8.621
2021,8.065361317,11.934,4.52078687,15.799,12.473,10.88497162,3.105,8.736,10.012,5.116,6.459,6.04,1.11,6.264,1.694,5.11,5.815,5.267,1.551,11.694,14.897,3.9,10.157,5.089,13.159,9.417,4.905,4.804,23.106,6.676,7.527,4.494901874,5.097,6.609,9.325,4.55,2.59,3.951,5.273,22.077,13.898,5.857,13.906,15.139,12.39056365,1.373,7.513,2.803,3.638,27.548,5.043,7.702,13.607,4.128697495,6.689907072,4.06214211,8.837825994,6.872652278,4.552,7.441,7.732207954,6.341,14.781,6.178,3.935,7.031959353,6.786781909,7.606,4.678,7.874,21.233,4.826,11.794,3.338,5.767,6.206,3.628,9.194,14.657,2.174,6.001,14.927,5.557952,5.174,7.94,4.999555464,7.608,15.253,4.045,6.275438213,6.134027432,5.666187143,6.031470378,3.827,5.496845074,6.38,6.194,9.282,16.173,6.029,4.812,9.497,5.188,19.837,2.828,5.556,5.693,4.096,0.396,3.639,2.997,9.208065635,1.997,12.621,3.792,19.595,20.514,9.138764894,5.844490636,5.692084292,5.258,6.047883364,6.155691855,18.129,5.49477166,7.112,5.247,7.513,2.252,10.539,0.794,3.415,5.021,10.18878627,4.019,6.203075304,15.801,2.29,3.403,4.34,11.72455252,16.543,7.747,3.984,11.068,7.719,5.585,4.64,5.592714527,20.877,12.537,0.819,5.393,6.064,4.21,4.369,12.315,3.776,6.200049573,1.9,8.696406647,6.338,10.453,5.097,3.398,2.906,3.363,5.878417526,7.9,3.134,6.577,7.311,26.39,3.485680938,5.800363244,12.492,0.14,5.59,4.715,15.793,6.446362147,6.621,11.466,3.368,4.64,0.866,3.516,4.327,19.553,10.061,6.75188633,13.868,6.75188633,8.618317283,15.042,8.459,6.894,4.747,8.722,35.707,14.796,1.511,4.142615883,6.745743678,2.285,1.215,7.253,4.452,9.271816581,2.344,11.56302907,2.111,6.446362147,6.75188633,4.446,16.505,11.969,2.806,3.422,9.834,6.32873263,9.301,5.349,5.345,20.279,7.027,13.932,2.385,4.734,6.040734846,10.368,18.248,28.77,5.195,9.54
2022,7.555502759,14.1,3.726039032,14.693,11.588,9.909916274,2.873,6.805,8.608,3.701,4.992,5.65,0.919,5.558,1.473,5.348,5.247,4.268,1.326,9.87,12.657,3.574,8.724,3.552,9.231,8.493,5.191,5.947,23.615,6.337,5.28,4.007005965,4.3,5.91,8.299,4.98,2.434,3.687,4.585,20.261,10.547,5.854,12.272,11.325,10.7031829,1.254,6.807,2.224,3.135,26.367,4.434,5.504,12.437,4.239821001,5.666677266,4.109703324,7.630390514,5.824238234,3.761,7.344,6.747274254,5.941,12.917,5.571,3.493,6.149164805,5.760790791,6.719,4.481,7.308,20.501,3.73,11.657,3.084,5.328,6.082,3.204,8.746,12.426,3.051,5.527,12.423,4.491084139,4.318,7.037,4.521731255,6.96,14.719,3.609,5.558250023,5.434389134,5.031683301,5.135133808,3.462,4.983698369,4.822,4.479,9.085,15.588,3.789,3.695,8.069,4.083,18.2,2.6,4.86,5.805,4.055,0.247,2.857,2.124,6.8702412,1.209,11.599,2.99,19.319,15.934,6.889975264,5.260398291,5.172639058,6.33,4.935094603,5.463922011,16.668,5.195886025,5.956,4.585,6.815,2.476,9.53,0.909,3.186,4.424,9.599395186,3.256,5.49429393,14.477,3.09,2.929,2.83,11.19618703,15.288,6.211,3.621,10.602,6.322,5.051,3.93,3.833650572,19.748,11.291,0.552,3.827,4.978,3.524,3.233,10.922,3.297,4.990021287,1.514,8.238384504,5.548,8.202,3.85,2.598,2.689,2.886,5.200119463,6.0,2.965,6.011,6.755,24.42,3.721471767,4.512559963,11.911,0.13,5.614,3.867,15.085,5.140712795,5.589,7.53,2.968,3.591,1.579,3.194,2.999,19.128,8.684,6.134083099,12.395,6.134083099,8.057327187,14.115,8.232,6.143,4.013,7.392,37.852,13.813,1.104,4.257841507,5.607111677,2.065,0.94,6.981,4.121,6.986207444,1.537,11.04768764,2.354,5.140712795,6.134083099,4.383,15.301,10.432,2.609,2.93,,5.962454884,7.877,3.65,4.535,19.51,5.747,12.669,1.535,5.171,5.273737674,9.923,17.515,28.838,5.993,10.087
2023,7.591070137,14.386,3.379121616,14.62,11.584,9.905097521,2.706,6.178,8.586,3.667,5.243,5.636,0.93,5.508,1.452,5.293,5.06,4.295,1.16,9.198,10.42,3.574,8.262,3.081,7.95,7.954,5.27,5.653,23.381,6.286,5.366,4.082002311,4.05,5.982,9.037,4.67,2.403,3.646,4.544,20.054,9.565,5.795,11.994,8.304,9.907378404,1.163,5.964,2.593,3.045,26.258,5.142,5.557,11.814,4.000806045,5.241575346,3.886445603,7.184680255,5.612613193,3.367,7.306,6.54497997,5.866,12.144,6.345,3.497,6.031322774,5.619927526,7.155,4.327,7.323,20.361,4.055,11.622,3.079,5.297,6.479,3.183,8.666,10.997,2.705,5.418,12.43,4.386182651,3.931,6.062,4.61267888,6.063,14.623,4.126,5.137811416,5.093653925,4.950749357,4.791676199,3.417,5.024419642,4.172,4.34,9.103,15.529,3.562,3.389,7.618,4.417,17.944,2.575,4.847,5.682,4.038,0.239,2.642,2.076,6.120616282,1.181,11.565,2.939,18.743,11.092,6.212766647,5.314486346,5.336630179,6.36,4.493112638,5.112681749,16.46,4.834803425,6.962,5.188,6.534,2.246,9.114,1.623,3.061,4.127,9.245637564,2.812,5.089140141,13.075,3.008,3.125,2.841,10.89203936,15.254,6.134,3.535,10.512,6.057,5.044,3.855,3.824843302,19.422,11.22,0.55,3.074,4.795,3.561,3.581,10.685,3.737,4.828562495,1.46,8.091985352,5.499,6.701,4.82,2.233,2.651,2.905,5.147928902,5.962,3.004,6.491,5.779,,3.614945284,4.460595806,11.724,0.13,5.595,3.325,14.932,4.605658404,4.88,11.449,2.93,3.472,1.545,3.174,2.758,19.027,8.683,6.027144366,12.271,6.027144366,7.819189109,14.208,7.704,5.84,3.627,7.587,37.636,13.544,1.082,4.014900735,5.212802202,2.048,0.913,6.981,4.12,6.295804629,1.523,10.89203936,2.303,4.605658404,6.027144366,4.206,15.106,9.412,2.607,2.831,,5.608100357,8.354,3.625,4.526,18.674,5.528,12.087,1.602,5.099,4.972840888,9.747,17.215,27.988,5.913,8.759
